Driver,Nationality,Seasons,Championships,Race_Entries,Race_Starts,Pole_Positions,Race_Wins,Podiums,Fastest_Laps,Points,Active,Championship Years,Decade,Pole_Rate,Start_Rate,Win_Rate,Podium_Rate,FastLap_Rate,Points_Per_Entry,Years_Active,Champion
Carlo Abate,Italy,"[1962, 1963]",0,3,0,0,0,0,0,0,False,,1960,0,0,0,0,0,0,2,False
George Abecassis,United Kingdom,"[1951, 1952]",0,2,2,0,0,0,0,0,False,,1950,0,1,0,0,0,0,2,False
Kenny Acheson,United Kingdom,"[1983, 1985]",0,10,3,0,0,0,0,0,False,,1980,0,0.3,0,0,0,0,2,False
Andrea de Adamich,Italy,"[1968, 1970, 1971, 1972, 1973]",0,36,30,0,0,0,0,6,False,,1970,0,0.833333333333333,0,0,0,0.166666666666667,5,False
Philippe Adams,Belgium,[1994],0,2,2,0,0,0,0,0,False,,1990,0,1,0,0,0,0,1,False
Walt Ader,United States,[1950],0,1,1,0,0,0,0,0,False,,1950,0,1,0,0,0,0,1,False
Kurt Adolff,West Germany,[1953],0,1,1,0,0,0,0,0,False,,1950,0,1,0,0,0,0,1,False
Fred Agabashian,United States,"[1950, 1951, 1952, 1953, 1954, 1955, 1956, 1957]",0,9,8,1,0,0,0,1.5,False,,1950,0.111111111111111,0.888888888888889,0,0,0,0.166666666666667,8,False
Kurt Ahrens Jr.,West Germany,"[1966, 1967, 1968, 1969]",0,4,4,0,0,0,0,0,False,,1970,0,1,0,0,0,0,4,False
Jack Aitken,United Kingdom,[2020],0,1,1,0,0,0,0,0,False,,2020,0,1,0,0,0,0,1,False
Christijan Albers,Netherlands,"[2005, 2006, 2007]",0,46,46,0,0,0,0,4,False,,2010,0,1,0,0,0,0.0869565217391304,3,False
Alexander Albon,Thailand,"[2019, 2020, 2022]",0,61,60,0,0,2,0,202,True,,2020,0,0.983606557377049,0,0.0327868852459016,0,3.31147540983607,3,False
Michele Alboreto,Italy,"[1981, 1982, 1983, 1984, 1985, 1986, 1987, 1988, 1989, 1990, 1991, 1992, 1993, 1994]",0,215,194,2,5,23,5,186.5,False,,1990,0.00930232558139535,0.902325581395349,0.0232558139534884,0.106976744186047,0.0232558139534884,0.867441860465116,14,False
Jean Alesi,France,"[1989, 1990, 1991, 1992, 1993, 1994, 1995, 1996, 1997, 1998, 1999, 2000, 2001]",0,202,201,2,1,32,4,241,False,,2000,0.0099009900990099,0.995049504950495,0.00495049504950495,0.158415841584158,0.0198019801980198,1.19306930693069,13,False
Jaime Alguersuari,Spain,"[2009, 2010, 2011]",0,46,46,0,0,0,0,31,False,,2010,0,1,0,0,0,0.673913043478261,3,False
Philippe Alliot,France,"[1984, 1985, 1986, 1987, 1988, 1989, 1990, 1993, 1994]",0,116,109,0,0,0,0,7,False,,1990,0,0.939655172413793,0,0,0,0.0603448275862069,9,False
Cliff Allison,United Kingdom,"[1958, 1959, 1960, 1961]",0,18,16,0,0,1,0,11,False,,1960,0,0.888888888888889,0,0.0555555555555556,0,0.611111111111111,4,False
Fernando Alonso,Spain,"[2001, 2003, 2004, 2005, 2006, 2007, 2008, 2009, 2010, 2011, 2012, 2013, 2014, 2015, 2016, 2017, 2018, 2021, 2022]",2,359,356,22,32,99,23,2076,True,"[2005, 2006]",2010,0.0612813370473538,0.991643454038997,0.0891364902506964,0.275766016713092,0.064066852367688,5.78272980501393,19,True
Giovanna Amati,Italy,[1992],0,3,0,0,0,0,0,0,False,,1990,0,0,0,0,0,0,1,False
George Amick,United States,[1958],0,2,1,0,0,1,0,6,False,,1960,0,0.5,0,0.5,0,3,1,False
Red Amick,United States,"[1959, 1960]",0,2,2,0,0,0,0,0,False,,1960,0,1,0,0,0,0,2,False
Chris Amon,New Zealand,"[1963, 1964, 1965, 1966, 1967, 1968, 1969, 1970, 1971, 1972, 1973, 1974, 1975, 1976]",0,108,96,5,0,11,3,83,False,,1970,0.0462962962962963,0.888888888888889,0,0.101851851851852,0.0277777777777778,0.768518518518519,14,False
Bob Anderson,United Kingdom,"[1963, 1964, 1965, 1966, 1967]",0,29,25,0,0,1,0,8,False,,1960,0,0.862068965517241,0,0.0344827586206897,0,0.275862068965517,5,False
Conny Andersson,Sweden,"[1976, 1977]",0,5,1,0,0,0,0,0,False,,1980,0,0.2,0,0,0,0,2,False
Emil Andres,United States,[1950],0,1,0,0,0,0,0,0,False,,1950,0,0,0,0,0,0,1,False
Mario Andretti,United States,"[1968, 1969, 1970, 1971, 1972, 1974, 1975, 1976, 1977, 1978, 1979, 1980, 1981, 1982]",1,131,128,18,12,19,10,180,False,[1978],1980,0.137404580152672,0.977099236641221,0.0916030534351145,0.145038167938931,0.0763358778625954,1.37404580152672,14,True
Michael Andretti,United States,[1993],0,13,13,0,0,1,0,7,False,,1990,0,1,0,0.0769230769230769,0,0.538461538461538,1,False
Keith Andrews,United States,"[1955, 1956]",0,3,2,0,0,0,0,0,False,,1960,0,0.666666666666667,0,0,0,0,2,False
Elio de Angelis,Italy,"[1979, 1980, 1981, 1982, 1983, 1984, 1985, 1986]",0,109,108,3,2,9,0,122,False,,1980,0.0275229357798165,0.990825688073395,0.018348623853211,0.0825688073394496,0,1.11926605504587,8,False
Marco Apicella,Italy,[1993],0,1,1,0,0,0,0,0,False,,1990,0,1,0,0,0,0,1,False
Mário de Araújo Cabral,Portugal,"[1959, 1960, 1963, 1964]",0,5,4,0,0,0,0,0,False,,1960,0,0.8,0,0,0,0,4,False
Frank Armi,United States,[1954],0,3,1,0,0,0,0,0,False,,1950,0,0.333333333333333,0,0,0,0,1,False
Chuck Arnold,United States,[1959],0,2,1,0,0,0,0,0,False,,1960,0,0.5,0,0,0,0,1,False
René Arnoux,France,"[1978, 1979, 1980, 1981, 1982, 1983, 1984, 1985, 1986, 1987, 1988, 1989]",0,164,149,18,7,22,12,181,False,,1980,0.109756097560976,0.908536585365854,0.0426829268292683,0.134146341463415,0.0731707317073171,1.10365853658537,12,False
Peter Arundell,United Kingdom,"[1963, 1964, 1966]",0,13,11,0,0,2,0,12,False,,1960,0,0.846153846153846,0,0.153846153846154,0,0.923076923076923,3,False
Alberto Ascari,Italy,"[1950, 1951, 1952, 1953, 1954, 1955]",2,33,32,14,13,17,12,107.64,False,"[1952, 1953]",1950,0.424242424242424,0.96969696969697,0.393939393939394,0.515151515151515,0.363636363636364,3.26181818181818,6,True
Peter Ashdown,United Kingdom,[1959],0,1,1,0,0,0,0,0,False,,1960,0,1,0,0,0,0,1,False
Ian Ashley,United Kingdom,"[1974, 1975, 1976, 1977]",0,11,4,0,0,0,0,0,False,,1980,0,0.363636363636364,0,0,0,0,4,False
Gerry Ashmore,United Kingdom,"[1961, 1962]",0,4,3,0,0,0,0,0,False,,1960,0,0.75,0,0,0,0,2,False
Bill Aston,United Kingdom,[1952],0,3,1,0,0,0,0,0,False,,1950,0,0.333333333333333,0,0,0,0,1,False
Richard Attwood,United Kingdom,"[1964, 1965, 1967, 1968, 1969]",0,17,16,0,0,1,1,11,False,,1970,0,0.941176470588235,0,0.0588235294117647,0.0588235294117647,0.647058823529412,5,False
Manny Ayulo,United States,"[1951, 1952, 1953, 1954]",0,6,4,0,0,1,0,2,False,,1950,0,0.666666666666667,0,0.166666666666667,0,0.333333333333333,4,False
Luca Badoer,Italy,"[1993, 1995, 1996, 1999, 2009]",0,58,50,0,0,0,0,0,False,,2000,0,0.862068965517241,0,0,0,0,5,False
Giancarlo Baghetti,Italy,"[1961, 1962, 1963, 1964, 1965, 1966, 1967]",0,21,21,0,1,1,1,14,False,,1960,0,1,0.0476190476190476,0.0476190476190476,0.0476190476190476,0.666666666666667,7,False
Julian Bailey,United Kingdom,"[1988, 1991]",0,20,7,0,0,0,0,1,False,,1990,0,0.35,0,0,0,0.05,2,False
Mauro Baldi,Italy,"[1982, 1983, 1984, 1985]",0,41,36,0,0,0,0,5,False,,1980,0,0.878048780487805,0,0,0,0.121951219512195,4,False
Bobby Ball,United States,"[1951, 1952]",0,2,2,0,0,0,0,2,False,,1950,0,1,0,0,0,1,2,False
Marcel Balsa,France,[1952],0,1,1,0,0,0,0,0,False,,1950,0,1,0,0,0,0,1,False
Lorenzo Bandini,Italy,"[1961, 1962, 1963, 1964, 1965, 1966, 1967]",0,42,42,1,1,8,2,58,False,,1960,0.0238095238095238,1,0.0238095238095238,0.19047619047619,0.0476190476190476,1.38095238095238,7,False
Henry Banks,United States,"[1950, 1951, 1952]",0,5,3,0,0,0,0,0,False,,1950,0,0.6,0,0,0,0,3,False
Fabrizio Barbazza,Italy,"[1991, 1993]",0,20,8,0,0,0,0,2,False,,1990,0,0.4,0,0,0,0.1,2,False
John Barber,United Kingdom,[1953],0,1,1,0,0,0,0,0,False,,1950,0,1,0,0,0,0,1,False
Skip Barber,United States,"[1971, 1972]",0,6,5,0,0,0,0,0,False,,1970,0,0.833333333333333,0,0,0,0,2,False
Paolo Barilla,Italy,"[1989, 1990]",0,15,9,0,0,0,0,0,False,,1990,0,0.6,0,0,0,0,2,False
Rubens Barrichello,Brazil,"[1993, 1994, 1995, 1996, 1997, 1998, 1999, 2000, 2001, 2002, 2003, 2004, 2005, 2006, 2007, 2008, 2009, 2010, 2011]",0,326,322,14,11,68,17,658,False,,2000,0.0429447852760736,0.987730061349693,0.0337423312883436,0.208588957055215,0.0521472392638037,2.01840490797546,19,False
Michael Bartels,Germany,[1991],0,4,0,0,0,0,0,0,False,,1990,0,0,0,0,0,0,1,False
Edgar Barth,"East Germany, West Germany","[1953, 1957, 1958, 1960, 1961, 1964]",0,7,5,0,0,0,0,0,False,,1960,0,0.714285714285714,0,0,0,0,6,False
Giorgio Bassi,Italy,[1965],0,1,1,0,0,0,0,0,False,,1960,0,1,0,0,0,0,1,False
Erwin Bauer,West Germany,[1953],0,1,1,0,0,0,0,0,False,,1950,0,1,0,0,0,0,1,False
Zsolt Baumgartner,Hungary,"[2003, 2004]",0,20,20,0,0,0,0,1,False,,2000,0,1,0,0,0,0.05,2,False
Élie Bayol,France,"[1952, 1953, 1954, 1955, 1956]",0,8,7,0,0,0,0,2,False,,1950,0,0.875,0,0,0,0.25,5,False
Don Beauman,United Kingdom,[1954],0,1,1,0,0,0,0,0,False,,1950,0,1,0,0,0,0,1,False
Karl-Günther Bechem[g],West Germany,"[1952, 1953]",0,2,2,0,0,0,0,0,False,,1950,0,1,0,0,0,0,2,False
Jean Behra,France,"[1952, 1953, 1954, 1955, 1956, 1957, 1958, 1959]",0,53,52,0,0,9,1,51.14,False,,1960,0,0.981132075471698,0,0.169811320754717,0.0188679245283019,0.964905660377359,8,False
Derek Bell,United Kingdom,"[1968, 1969, 1970, 1971, 1972, 1974]",0,16,9,0,0,0,0,1,False,,1970,0,0.5625,0,0,0,0.0625,6,False
Stefan Bellof,West Germany,"[1984, 1985]",0,22,20,0,0,0,0,4,False,,1980,0,0.909090909090909,0,0,0,0.181818181818182,2,False
Paul Belmondo,France,"[1992, 1994]",0,27,7,0,0,0,0,0,False,,1990,0,0.259259259259259,0,0,0,0,2,False
Tom Belsø,Denmark,"[1973, 1974]",0,5,2,0,0,0,0,0,False,,1970,0,0.4,0,0,0,0,2,False
Jean-Pierre Beltoise,France,"[1967, 1968, 1969, 1970, 1971, 1972, 1973, 1974]",0,88,86,0,1,8,4,77,False,,1970,0,0.977272727272727,0.0113636363636364,0.0909090909090909,0.0454545454545455,0.875,8,False
Olivier Beretta,Monaco,[1994],0,10,9,0,0,0,0,0,False,,1990,0,0.9,0,0,0,0,1,False
Allen Berg,Canada,[1986],0,9,9,0,0,0,0,0,False,,1990,0,1,0,0,0,0,1,False
Georges Berger,Belgium,"[1953, 1954]",0,2,2,0,0,0,0,0,False,,1950,0,1,0,0,0,0,2,False
Gerhard Berger,Austria,"[1984, 1985, 1986, 1987, 1988, 1989, 1990, 1991, 1992, 1993, 1994, 1995, 1996, 1997]",0,210,210,12,10,48,21,385,False,,1990,0.0571428571428571,1,0.0476190476190476,0.228571428571429,0.1,1.83333333333333,14,False
Éric Bernard,France,"[1989, 1990, 1991, 1994]",0,47,45,0,0,1,0,10,False,,1990,0,0.957446808510638,0,0.0212765957446809,0,0.212765957446809,4,False
Enrique Bernoldi,Brazil,"[2001, 2002]",0,29,28,0,0,0,0,0,False,,2000,0,0.96551724137931,0,0,0,0,2,False
Enrico Bertaggia,Italy,[1989],0,6,0,0,0,0,0,0,False,,1990,0,0,0,0,0,0,1,False
Tony Bettenhausen,United States,"[1950, 1951, 1952, 1953, 1954, 1955, 1956, 1957, 1958, 1959, 1960]",0,11,11,0,0,1,1,11,False,,1960,0,1,0,0.0909090909090909,0.0909090909090909,1,11,False
Mike Beuttler,United Kingdom,"[1971, 1972, 1973]",0,29,28,0,0,0,0,0,False,,1970,0,0.96551724137931,0,0,0,0,3,False
Birabongse Bhanudej,Thailand,"[1950, 1951, 1952, 1953, 1954]",0,19,19,0,0,0,0,8,False,,1950,0,1,0,0,0,0.421052631578947,5,False
Jules Bianchi,France,"[2013, 2014]",0,34,34,0,0,0,0,2,False,,2010,0,1,0,0,0,0.0588235294117647,2,False
Lucien Bianchi,Belgium,"[1959, 1960, 1961, 1962, 1963, 1965, 1968]",0,19,17,0,0,1,0,6,False,,1960,0,0.894736842105263,0,0.0526315789473684,0,0.315789473684211,7,False
Gino Bianco,Brazil,[1952],0,4,4,0,0,0,0,0,False,,1950,0,1,0,0,0,0,1,False
Hans Binder,Austria,"[1976, 1977, 1978]",0,15,13,0,0,0,0,0,False,,1980,0,0.866666666666667,0,0,0,0,3,False
Clemente Biondetti,Italy,[1950],0,1,1,0,0,0,0,0,False,,1950,0,1,0,0,0,0,1,False
Pablo Birger,Argentina,"[1953, 1955]",0,2,2,0,0,0,0,0,False,,1950,0,1,0,0,0,0,2,False
Art Bisch,United States,[1958],0,1,1,0,0,0,0,0,False,,1960,0,1,0,0,0,0,1,False
Harry Blanchard,United States,[1959],0,1,1,0,0,0,0,0,False,,1960,0,1,0,0,0,0,1,False
Michael Bleekemolen,Netherlands,"[1977, 1978]",0,5,1,0,0,0,0,0,False,,1980,0,0.2,0,0,0,0,2,False
Alex Blignaut,South Africa,[1965],0,1,0,0,0,0,0,0,False,,1960,0,0,0,0,0,0,1,False
Trevor Blokdyk,South Africa,"[1963, 1965]",0,2,1,0,0,0,0,0,False,,1960,0,0.5,0,0,0,0,2,False
Mark Blundell,United Kingdom,"[1991, 1993, 1994, 1995]",0,63,61,0,0,3,0,32,False,,1990,0,0.968253968253968,0,0.0476190476190476,0,0.507936507936508,4,False
Raul Boesel,Brazil,"[1982, 1983]",0,30,23,0,0,0,0,0,False,,1980,0,0.766666666666667,0,0,0,0,2,False
Menato Boffa,Italy,[1961],0,1,0,0,0,0,0,0,False,,1960,0,0,0,0,0,0,1,False
Bob Bondurant,United States,"[1965, 1966]",0,9,9,0,0,0,0,3,False,,1970,0,1,0,0,0,0.333333333333333,2,False
Felice Bonetto,Italy,"[1950, 1951, 1952, 1953]",0,16,15,0,0,2,0,17.5,False,,1950,0,0.9375,0,0.125,0,1.09375,4,False
Jo Bonnier,Sweden,"[1956, 1957, 1958, 1959, 1960, 1961, 1962, 1963, 1964, 1965, 1966, 1967, 1968, 1969, 1970, 1971]",0,108,104,1,1,1,0,39,False,,1960,0.00925925925925926,0.962962962962963,0.00925925925925926,0.00925925925925926,0,0.361111111111111,16,False
Roberto Bonomi,Argentina,[1960],0,1,1,0,0,0,0,0,False,,1960,0,1,0,0,0,0,1,False
Juan Manuel Bordeu,Argentina,[1961],0,1,0,0,0,0,0,0,False,,1960,0,0,0,0,0,0,1,False
Slim Borgudd,Sweden,"[1981, 1982]",0,15,10,0,0,0,0,1,False,,1980,0,0.666666666666667,0,0,0,0.0666666666666667,2,False
Luki Botha,South Africa,[1967],0,1,1,0,0,0,0,0,False,,1970,0,1,0,0,0,0,1,False
Valtteri Bottas,Finland,"[2013, 2014, 2015, 2016, 2017, 2018, 2019, 2020, 2021, 2022]",0,202,201,20,10,67,19,1791,True,,2020,0.099009900990099,0.995049504950495,0.0495049504950495,0.331683168316832,0.0940594059405941,8.86633663366337,10,False
Jean-Christophe Boullion,France,[1995],0,11,11,0,0,0,0,3,False,,2000,0,1,0,0,0,0.272727272727273,1,False
Sébastien Bourdais,France,"[2008, 2009]",0,27,27,0,0,0,0,6,False,,2010,0,1,0,0,0,0.222222222222222,2,False
Thierry Boutsen,Belgium,"[1983, 1984, 1985, 1986, 1987, 1988, 1989, 1990, 1991, 1992, 1993]",0,164,163,1,3,15,1,132,False,,1990,0.00609756097560976,0.99390243902439,0.0182926829268293,0.0914634146341463,0.00609756097560976,0.804878048780488,11,False
Johnny Boyd,United States,"[1955, 1956, 1957, 1958, 1959, 1960]",0,6,6,0,0,1,0,4,False,,1960,0,1,0,0.166666666666667,0,0.666666666666667,6,False
David Brabham,Australia,"[1990, 1994]",0,30,24,0,0,0,0,0,False,,1990,0,0.8,0,0,0,0,2,False
Gary Brabham,Australia,[1990],0,2,0,0,0,0,0,0,False,,1990,0,0,0,0,0,0,1,False
Jack Brabham,Australia,"[1955, 1956, 1957, 1958, 1959, 1960, 1961, 1962, 1963, 1964, 1965, 1966, 1967, 1968, 1969, 1970]",3,128,126,13,14,31,12,253,False,"[1959, 1960, 1966]",1960,0.1015625,0.984375,0.109375,0.2421875,0.09375,1.9765625,16,True
Bill Brack,Canada,"[1968, 1969, 1972]",0,3,3,0,0,0,0,0,False,,1970,0,1,0,0,0,0,3,False
Ernesto Brambilla,Italy,"[1963, 1969]",0,2,0,0,0,0,0,0,False,,1970,0,0,0,0,0,0,2,False
Vittorio Brambilla,Italy,"[1974, 1975, 1976, 1977, 1978, 1979, 1980]",0,79,74,1,1,1,1,15.5,False,,1980,0.0126582278481013,0.936708860759494,0.0126582278481013,0.0126582278481013,0.0126582278481013,0.19620253164557,7,False
Toni Branca,Switzerland,"[1950, 1951]",0,3,3,0,0,0,0,0,False,,1950,0,1,0,0,0,0,2,False
Gianfranco Brancatelli,Italy,[1979],0,3,0,0,0,0,0,0,False,,1980,0,0,0,0,0,0,1,False
Eric Brandon,United Kingdom,"[1952, 1954]",0,5,5,0,0,0,0,0,False,,1950,0,1,0,0,0,0,2,False
Don Branson,United States,"[1959, 1960]",0,2,2,0,0,0,0,3,False,,1960,0,1,0,0,0,1.5,2,False
Tom Bridger,United Kingdom,[1958],0,1,1,0,0,0,0,0,False,,1960,0,1,0,0,0,0,1,False
Tony Brise,United Kingdom,[1975],0,10,10,0,0,0,0,1,False,,1980,0,1,0,0,0,0.1,1,False
Chris Bristow,United Kingdom,"[1959, 1960]",0,4,4,0,0,0,0,0,False,,1960,0,1,0,0,0,0,2,False
Peter Broeker,Canada,[1963],0,1,1,0,0,0,0,0,False,,1960,0,1,0,0,0,0,1,False
Tony Brooks,United Kingdom,"[1956, 1957, 1958, 1959, 1960, 1961]",0,39,38,3,6,10,3,75,False,,1960,0.0769230769230769,0.974358974358974,0.153846153846154,0.256410256410256,0.0769230769230769,1.92307692307692,6,False
Alan Brown,United Kingdom,"[1952, 1953, 1954]",0,9,8,0,0,0,0,2,False,,1950,0,0.888888888888889,0,0,0,0.222222222222222,3,False
Walt Brown,United States,"[1950, 1951]",0,2,2,0,0,0,0,0,False,,1950,0,1,0,0,0,0,2,False
Warwick Brown,Australia,[1976],0,1,1,0,0,0,0,0,False,,1980,0,1,0,0,0,0,1,False
Adolf Brudes,West Germany,[1952],0,1,1,0,0,0,0,0,False,,1950,0,1,0,0,0,0,1,False
Martin Brundle,United Kingdom,"[1984, 1985, 1986, 1987, 1988, 1989, 1991, 1992, 1993, 1994, 1995, 1996]",0,165,158,0,0,9,0,98,False,,1990,0,0.957575757575758,0,0.0545454545454545,0,0.593939393939394,12,False
Gianmaria Bruni,Italy,[2004],0,18,18,0,0,0,0,0,False,,2000,0,1,0,0,0,0,1,False
Jimmy Bryan,United States,"[1952, 1953, 1954, 1955, 1956, 1957, 1958, 1959, 1960]",0,10,9,0,1,3,0,18,False,,1960,0,0.9,0.1,0.3,0,1.8,9,False
Clemar Bucci,Argentina,"[1954, 1955]",0,5,5,0,0,0,0,0,False,,1950,0,1,0,0,0,0,2,False
Ronnie Bucknum,United States,"[1964, 1965, 1966]",0,11,11,0,0,0,0,2,False,,1960,0,1,0,0,0,0.181818181818182,3,False
Ivor Bueb,United Kingdom,"[1957, 1958, 1959]",0,6,5,0,0,0,0,0,False,,1960,0,0.833333333333333,0,0,0,0,3,False
Sébastien Buemi,Switzerland,"[2009, 2010, 2011]",0,55,55,0,0,0,0,29,False,,2010,0,1,0,0,0,0.527272727272727,3,False
Luiz Bueno,Brazil,[1973],0,1,1,0,0,0,0,0,False,,1970,0,1,0,0,0,0,1,False
Ian Burgess,United Kingdom,"[1958, 1959, 1960, 1961, 1962, 1963]",0,20,16,0,0,0,0,0,False,,1960,0,0.8,0,0,0,0,6,False
Luciano Burti,Brazil,"[2000, 2001]",0,15,14,0,0,0,0,0,False,,2000,0,0.933333333333333,0,0,0,0,2,False
Roberto Bussinello,Italy,"[1961, 1965]",0,3,2,0,0,0,0,0,False,,1960,0,0.666666666666667,0,0,0,0,2,False
Jenson Button,United Kingdom,"[2000, 2001, 2002, 2003, 2004, 2005, 2006, 2007, 2008, 2009, 2010, 2011, 2012, 2013, 2014, 2015, 2016, 2017]",1,309,306,8,15,50,8,1235,False,[2009],2010,0.0258899676375405,0.990291262135922,0.0485436893203884,0.161812297734628,0.0258899676375405,3.99676375404531,18,True
Tommy Byrne,Ireland,[1982],0,5,2,0,0,0,0,0,False,,1980,0,0.4,0,0,0,0,1,False
Giulio Cabianca,Italy,"[1958, 1959, 1960]",0,4,3,0,0,0,0,3,False,,1960,0,0.75,0,0,0,0.75,3,False
Phil Cade,United States,[1959],0,1,0,0,0,0,0,0,False,,1960,0,0,0,0,0,0,1,False
Alex Caffi,Italy,"[1986, 1987, 1988, 1989, 1990, 1991]",0,75,56,0,0,0,0,6,False,,1990,0,0.746666666666667,0,0,0,0.08,6,False
John Campbell-Jones,United Kingdom,"[1962, 1963]",0,2,2,0,0,0,0,0,False,,1960,0,1,0,0,0,0,2,False
Adrián Campos,Spain,"[1987, 1988]",0,21,17,0,0,0,0,0,False,,1990,0,0.80952380952381,0,0,0,0,2,False
John Cannon,Canada,[1971],0,1,1,0,0,0,0,0,False,,1970,0,1,0,0,0,0,1,False
Eitel Cantoni,Uruguay,[1952],0,3,3,0,0,0,0,0,False,,1950,0,1,0,0,0,0,1,False
Bill Cantrell,United States,[1950],0,2,1,0,0,0,0,0,False,,1950,0,0.5,0,0,0,0,1,False
Ivan Capelli,Italy,"[1985, 1986, 1987, 1988, 1989, 1990, 1991, 1992, 1993]",0,98,93,0,0,3,0,31,False,,1990,0,0.948979591836735,0,0.0306122448979592,0,0.316326530612245,9,False
Piero Carini,Italy,"[1952, 1953]",0,3,3,0,0,0,0,0,False,,1950,0,1,0,0,0,0,2,False
Duane Carter,United States,"[1950, 1951, 1952, 1953, 1954, 1955, 1959, 1960]",0,8,8,0,0,1,0,6.5,False,,1950,0,1,0,0.125,0,0.8125,8,False
Eugenio Castellotti,Italy,"[1955, 1956, 1957]",0,14,14,1,0,3,0,19.5,False,,1960,0.0714285714285714,1,0,0.214285714285714,0,1.39285714285714,3,False
Johnny Cecotto,Venezuela,"[1983, 1984]",0,23,18,0,0,0,0,1,False,,1980,0,0.782608695652174,0,0,0,0.0434782608695652,2,False
Andrea de Cesaris,Italy,"[1980, 1981, 1982, 1983, 1984, 1985, 1986, 1987, 1988, 1989, 1990, 1991, 1992, 1993, 1994]",0,214,208,1,0,5,1,59,False,,1990,0.00467289719626168,0.97196261682243,0,0.0233644859813084,0.00467289719626168,0.275700934579439,15,False
François Cevert,France,"[1970, 1971, 1972, 1973]",0,47,46,0,1,13,2,89,False,,1970,0,0.978723404255319,0.0212765957446809,0.276595744680851,0.0425531914893617,1.8936170212766,4,False
Eugène Chaboud,France,"[1950, 1951]",0,3,3,0,0,0,0,1,False,,1950,0,1,0,0,0,0.333333333333333,2,False
Jay Chamberlain,United States,[1962],0,3,1,0,0,0,0,0,False,,1960,0,0.333333333333333,0,0,0,0,1,False
Karun Chandhok,India,"[2010, 2011]",0,11,11,0,0,0,0,0,False,,2010,0,1,0,0,0,0,2,False
Alain de Changy,Belgium,[1959],0,1,0,0,0,0,0,0,False,,1960,0,0,0,0,0,0,1,False
Colin Chapman,United Kingdom,[1956],0,1,0,0,0,0,0,0,False,,1960,0,0,0,0,0,0,1,False
Dave Charlton,South Africa,"[1965, 1967, 1968, 1970, 1971, 1972, 1973, 1974, 1975]",0,14,11,0,0,0,0,0,False,,1970,0,0.785714285714286,0,0,0,0,9,False
Pedro Chaves,Portugal,[1991],0,13,0,0,0,0,0,0,False,,1990,0,0,0,0,0,0,1,False
Bill Cheesbourg,United States,"[1957, 1958, 1959]",0,4,3,0,0,0,0,0,False,,1960,0,0.75,0,0,0,0,3,False
Eddie Cheever,United States,"[1978, 1980, 1981, 1982, 1983, 1984, 1985, 1986, 1987, 1988, 1989]",0,143,132,0,0,9,0,70,False,,1980,0,0.923076923076923,0,0.0629370629370629,0,0.48951048951049,11,False
Andrea Chiesa,Switzerland,[1992],0,10,3,0,0,0,0,0,False,,1990,0,0.3,0,0,0,0,1,False
Max Chilton,United Kingdom,"[2013, 2014]",0,35,35,0,0,0,0,0,False,,2010,0,1,0,0,0,0,2,False
Ettore Chimeri,Venezuela,[1960],0,1,1,0,0,0,0,0,False,,1960,0,1,0,0,0,0,1,False
Louis Chiron,Monaco,"[1950, 1951, 1953, 1955, 1956, 1958]",0,19,15,0,0,1,0,4,False,,1950,0,0.789473684210526,0,0.0526315789473684,0,0.210526315789474,6,False
Joie Chitwood,United States,[1950],0,1,1,0,0,0,0,1,False,,1950,0,1,0,0,0,1,1,False
Bob Christie,United States,"[1956, 1957, 1958, 1959, 1960]",0,7,5,0,0,0,0,0,False,,1960,0,0.714285714285714,0,0,0,0,5,False
Johnny Claes,Belgium,"[1950, 1951, 1952, 1953, 1955]",0,25,23,0,0,0,0,0,False,,1950,0,0.92,0,0,0,0,5,False
David Clapham,South Africa,[1965],0,1,0,0,0,0,0,0,False,,1960,0,0,0,0,0,0,1,False
Jim Clark,United Kingdom,"[1960, 1961, 1962, 1963, 1964, 1965, 1966, 1967, 1968]",2,73,72,33,25,32,28,255,False,"[1963, 1965]",1960,0.452054794520548,0.986301369863014,0.342465753424658,0.438356164383562,0.383561643835616,3.49315068493151,9,True
Kevin Cogan,United States,"[1980, 1981]",0,2,0,0,0,0,0,0,False,,1980,0,0,0,0,0,0,2,False
Peter Collins,United Kingdom,"[1952, 1953, 1954, 1955, 1956, 1957, 1958]",0,35,32,0,3,9,0,47,False,,1960,0,0.914285714285714,0.0857142857142857,0.257142857142857,0,1.34285714285714,7,False
Bernard Collomb,France,"[1961, 1962, 1963, 1964]",0,6,4,0,0,0,0,0,False,,1960,0,0.666666666666667,0,0,0,0,4,False
Alberto Colombo,Italy,[1978],0,3,0,0,0,0,0,0,False,,1980,0,0,0,0,0,0,1,False
Érik Comas,France,"[1991, 1992, 1993, 1994]",0,63,59,0,0,0,0,7,False,,1990,0,0.936507936507937,0,0,0,0.111111111111111,4,False
Franco Comotti,Italy,"[1950, 1952]",0,2,2,0,0,0,0,0,False,,1950,0,1,0,0,0,0,2,False
George Connor,United States,"[1950, 1951, 1952]",0,4,3,0,0,0,0,0,False,,1950,0,0.75,0,0,0,0,3,False
George Constantine,United States,[1959],0,1,1,0,0,0,0,0,False,,1960,0,1,0,0,0,0,1,False
John Cordts,Canada,[1969],0,1,1,0,0,0,0,0,False,,1970,0,1,0,0,0,0,1,False
David Coulthard,United Kingdom,"[1994, 1995, 1996, 1997, 1998, 1999, 2000, 2001, 2002, 2003, 2004, 2005, 2006, 2007, 2008]",0,247,246,12,13,62,18,535,False,,2000,0.048582995951417,0.995951417004049,0.0526315789473684,0.251012145748988,0.0728744939271255,2.16599190283401,15,False
Piers Courage,United Kingdom,"[1967, 1968, 1969, 1970]",0,29,27,0,0,2,0,20,False,,1970,0,0.931034482758621,0,0.0689655172413793,0,0.689655172413793,4,False
Chris Craft,United Kingdom,[1971],0,2,1,0,0,0,0,0,False,,1970,0,0.5,0,0,0,0,1,False
Jim Crawford,United Kingdom,[1975],0,2,2,0,0,0,0,0,False,,1980,0,1,0,0,0,0,1,False
Ray Crawford,United States,"[1955, 1956, 1959]",0,5,3,0,0,0,0,0,False,,1960,0,0.6,0,0,0,0,3,False
Alberto Crespo,Argentina,[1952],0,1,0,0,0,0,0,0,False,,1950,0,0,0,0,0,0,1,False
Antonio Creus,Spain,[1960],0,1,1,0,0,0,0,0,False,,1960,0,1,0,0,0,0,1,False
Larry Crockett,United States,[1954],0,1,1,0,0,0,0,0,False,,1950,0,1,0,0,0,0,1,False
Tony Crook,United Kingdom,"[1952, 1953]",0,2,2,0,0,0,0,0,False,,1950,0,1,0,0,0,0,2,False
Art Cross,United States,"[1952, 1953, 1954, 1955]",0,4,4,0,0,1,0,8,False,,1950,0,1,0,0.25,0,2,4,False
Geoffrey Crossley,United Kingdom,[1950],0,2,2,0,0,0,0,0,False,,1950,0,1,0,0,0,0,1,False
Jérôme d'Ambrosio,Belgium,"[2011, 2012]",0,20,20,0,0,0,0,0,False,,2010,0,1,0,0,0,0,2,False
Chuck Daigh,United States,[1960],0,6,3,0,0,0,0,0,False,,1960,0,0.5,0,0,0,0,1,False
Yannick Dalmas,France,"[1987, 1988, 1989, 1990, 1994]",0,49,24,0,0,0,0,0,False,,1990,0,0.489795918367347,0,0,0,0,5,False
Derek Daly,Ireland,"[1978, 1979, 1980, 1981, 1982]",0,64,49,0,0,0,0,15,False,,1980,0,0.765625,0,0,0,0.234375,5,False
Christian Danner,West Germany,"[1985, 1986, 1987, 1989]",0,47,36,0,0,0,0,4,False,,1990,0,0.765957446808511,0,0,0,0.0851063829787234,4,False
Jorge Daponte,Argentina,[1954],0,2,2,0,0,0,0,0,False,,1950,0,1,0,0,0,0,1,False
Anthony Davidson,United Kingdom,"[2002, 2005, 2007, 2008]",0,24,24,0,0,0,0,0,False,,2010,0,1,0,0,0,0,4,False
Jimmy Davies,United States,"[1950, 1951, 1953, 1954, 1955]",0,8,5,0,0,1,0,4,False,,1950,0,0.625,0,0.125,0,0.5,5,False
Colin Davis,United Kingdom,[1959],0,2,2,0,0,0,0,0,False,,1960,0,1,0,0,0,0,1,False
Jimmy Daywalt,United States,"[1953, 1954, 1955, 1956, 1957, 1959]",0,10,6,0,0,0,0,0,False,,1960,0,0.6,0,0,0,0,6,False
Jean-Denis Délétraz,Switzerland,"[1994, 1995]",0,3,3,0,0,0,0,0,False,,1990,0,1,0,0,0,0,2,False
Patrick Depailler,France,"[1972, 1974, 1975, 1976, 1977, 1978, 1979, 1980]",0,95,95,1,2,19,4,139,False,,1980,0.0105263157894737,1,0.0210526315789474,0.2,0.0421052631578947,1.46315789473684,8,False
Pedro Diniz,Brazil,"[1995, 1996, 1997, 1998, 1999, 2000]",0,99,98,0,0,0,0,10,False,,2000,0,0.98989898989899,0,0,0,0.101010101010101,6,False
Duke Dinsmore,United States,"[1950, 1951, 1953, 1956]",0,6,4,0,0,0,0,0,False,,1950,0,0.666666666666667,0,0,0,0,4,False
Frank Dochnal,United States,[1963],0,1,0,0,0,0,0,0,False,,1960,0,0,0,0,0,0,1,False
José Dolhem,France,[1974],0,3,1,0,0,0,0,0,False,,1970,0,0.333333333333333,0,0,0,0,1,False
Martin Donnelly,United Kingdom,"[1989, 1990]",0,15,13,0,0,0,0,0,False,,1990,0,0.866666666666667,0,0,0,0,2,False
Mark Donohue,United States,"[1971, 1974, 1975]",0,16,14,0,0,1,0,8,False,,1970,0,0.875,0,0.0625,0,0.5,3,False
Robert Doornbos,Monaco Netherlands,"[2005, 2006]",0,11,11,0,0,0,0,0,False,,2010,0,1,0,0,0,0,2,False
Ken Downing,United Kingdom,[1952],0,2,2,0,0,0,0,0,False,,1950,0,1,0,0,0,0,1,False
Bob Drake,United States,[1960],0,1,1,0,0,0,0,0,False,,1960,0,1,0,0,0,0,1,False
Paddy Driver,South Africa,"[1963, 1974]",0,2,1,0,0,0,0,0,False,,1970,0,0.5,0,0,0,0,2,False
Piero Drogo,Italy,[1960],0,1,1,0,0,0,0,0,False,,1960,0,1,0,0,0,0,1,False
Bernard de Dryver,Belgium,"[1977, 1978]",0,2,0,0,0,0,0,0,False,,1980,0,0,0,0,0,0,2,False
Johnny Dumfries,United Kingdom,[1986],0,16,15,0,0,0,0,3,False,,1990,0,0.9375,0,0,0,0.1875,1,False
Geoff Duke,United Kingdom,[1961],0,1,0,0,0,0,0,0,False,,1960,0,0,0,0,0,0,1,False
Len Duncan,United States,[1954],0,4,1,0,0,0,0,0,False,,1950,0,0.25,0,0,0,0,1,False
Piero Dusio,Italy,[1952],0,1,0,0,0,0,0,0,False,,1950,0,0,0,0,0,0,1,False
George Eaton,Canada,"[1969, 1970, 1971]",0,13,11,0,0,0,0,0,False,,1970,0,0.846153846153846,0,0,0,0,3,False
Bernie Ecclestone,United Kingdom,[1958],0,2,0,0,0,0,0,0,False,,1960,0,0,0,0,0,0,1,False
Don Edmunds,United States,[1957],0,2,1,0,0,0,0,0,False,,1960,0,0.5,0,0,0,0,1,False
Guy Edwards,United Kingdom,"[1974, 1976, 1977]",0,17,11,0,0,0,0,0,False,,1980,0,0.647058823529412,0,0,0,0,3,False
Vic Elford,United Kingdom,"[1968, 1969, 1971]",0,13,13,0,0,0,0,8,False,,1970,0,1,0,0,0,0.615384615384615,3,False
Ed Elisian,United States,"[1954, 1955, 1956, 1957, 1958]",0,5,5,0,0,0,0,0,False,,1960,0,1,0,0,0,0,5,False
Paul Emery,United Kingdom,"[1956, 1958]",0,2,1,0,0,0,0,0,False,,1960,0,0.5,0,0,0,0,2,False
Tomáš Enge,Czech Republic,[2001],0,3,3,0,0,0,0,0,False,,2000,0,1,0,0,0,0,1,False
Paul England,Australia,[1957],0,1,1,0,0,0,0,0,False,,1960,0,1,0,0,0,0,1,False
Marcus Ericsson,Sweden,"[2014, 2015, 2016, 2017, 2018]",0,97,97,0,0,0,0,18,False,,2020,0,1,0,0,0,0.185567010309278,5,False
Harald Ertl,Austria,"[1975, 1976, 1977, 1978, 1980]",0,28,19,0,0,0,0,0,False,,1980,0,0.678571428571429,0,0,0,0,5,False
Nasif Estéfano,Argentina,"[1960, 1962]",0,2,1,0,0,0,0,0,False,,1960,0,0.5,0,0,0,0,2,False
Philippe Étancelin,France,"[1950, 1951, 1952]",0,12,12,0,0,0,0,3,False,,1950,0,1,0,0,0,0.25,3,False
Bob Evans,United Kingdom,"[1975, 1976]",0,12,10,0,0,0,0,0,False,,1980,0,0.833333333333333,0,0,0,0,2,False
Corrado Fabi,Italy,"[1983, 1984]",0,18,12,0,0,0,0,0,False,,1980,0,0.666666666666667,0,0,0,0,2,False
Teo Fabi,Italy,"[1982, 1984, 1985, 1986, 1987]",0,71,64,3,0,2,2,23,False,,1980,0.0422535211267606,0.901408450704225,0,0.028169014084507,0.028169014084507,0.323943661971831,5,False
Pascal Fabre,France,[1987],0,14,11,0,0,0,0,0,False,,1990,0,0.785714285714286,0,0,0,0,1,False
Carlo Facetti,Italy,[1974],0,1,0,0,0,0,0,0,False,,1970,0,0,0,0,0,0,1,False
Luigi Fagioli,Italy,"[1950, 1951]",0,7,7,0,1,6,0,28,False,,1950,0,1,0.142857142857143,0.857142857142857,0,4,2,False
Jack Fairman,United Kingdom,"[1953, 1955, 1956, 1957, 1958, 1959, 1960, 1961]",0,13,12,0,0,0,0,5,False,,1960,0,0.923076923076923,0,0,0,0.384615384615385,8,False
Juan Manuel Fangio,Argentina,"[1950, 1951, 1953, 1954, 1955, 1956, 1957, 1958]",5,52,51,29,24,35,23,245,False,"[1951, 1954, 1955, 1956, 1957]",1950,0.557692307692308,0.980769230769231,0.461538461538462,0.673076923076923,0.442307692307692,4.71153846153846,8,True
Nino Farina,Italy,"[1950, 1951, 1952, 1953, 1954, 1955]",1,34,33,5,5,20,5,115.33,False,[1950],1950,0.147058823529412,0.970588235294118,0.147058823529412,0.588235294117647,0.147058823529412,3.39205882352941,6,True
Walt Faulkner,United States,"[1950, 1951, 1953, 1954, 1955]",0,6,5,1,0,0,0,1,False,,1950,0.166666666666667,0.833333333333333,0,0,0,0.166666666666667,5,False
William Ferguson,South Africa,[1972],0,1,0,0,0,0,0,0,False,,1970,0,0,0,0,0,0,1,False
Maria Teresa de Filippis,Italy,"[1958, 1959]",0,5,3,0,0,0,0,0,False,,1960,0,0.6,0,0,0,0,2,False
Ralph Firman,Ireland,[2003],0,15,14,0,0,0,0,1,False,,2000,0,0.933333333333333,0,0,0,0.0666666666666667,1,False
Ludwig Fischer,West Germany,[1952],0,1,0,0,0,0,0,0,False,,1950,0,0,0,0,0,0,1,False
Rudi Fischer,Switzerland,"[1951, 1952]",0,8,7,0,0,2,0,10,False,,1950,0,0.875,0,0.25,0,1.25,2,False
Mike Fisher,United States,[1967],0,2,1,0,0,0,0,0,False,,1970,0,0.5,0,0,0,0,1,False
Giancarlo Fisichella,Italy,"[1996, 1997, 1998, 1999, 2000, 2001, 2002, 2003, 2004, 2005, 2006, 2007, 2008, 2009]",0,231,229,4,3,19,2,275,False,,2000,0.0173160173160173,0.991341991341991,0.012987012987013,0.0822510822510823,0.00865800865800866,1.19047619047619,14,False
John Fitch,United States,"[1953, 1955]",0,2,2,0,0,0,0,0,False,,1950,0,1,0,0,0,0,2,False
Christian Fittipaldi,Brazil,"[1992, 1993, 1994]",0,43,40,0,0,0,0,12,False,,1990,0,0.930232558139535,0,0,0,0.27906976744186,3,False
Emerson Fittipaldi,Brazil,"[1970, 1971, 1972, 1973, 1974, 1975, 1976, 1977, 1978, 1979, 1980]",2,149,144,6,14,35,6,281,False,"[1972, 1974]",1980,0.0402684563758389,0.966442953020134,0.0939597315436242,0.23489932885906,0.0402684563758389,1.88590604026846,11,True
Pietro Fittipaldi,Brazil,[2020],0,2,2,0,0,0,0,0,False,,2020,0,1,0,0,0,0,1,False
Wilson Fittipaldi,Brazil,"[1972, 1973, 1975]",0,38,35,0,0,0,0,3,False,,1970,0,0.921052631578947,0,0,0,0.0789473684210526,3,False
Theo Fitzau,East Germany,[1953],0,1,1,0,0,0,0,0,False,,1950,0,1,0,0,0,0,1,False
Pat Flaherty,United States,"[1950, 1953, 1954, 1955, 1956, 1959]",0,6,6,1,1,1,0,8,False,,1950,0.166666666666667,1,0.166666666666667,0.166666666666667,0,1.33333333333333,6,False
Jan Flinterman,Netherlands,[1952],0,1,1,0,0,0,0,0,False,,1950,0,1,0,0,0,0,1,False
Ron Flockhart,United Kingdom,"[1954, 1956, 1957, 1958, 1959, 1960]",0,14,14,0,0,1,0,5,False,,1960,0,1,0,0.0714285714285714,0,0.357142857142857,6,False
Myron Fohr,United States,[1950],0,1,1,0,0,0,0,0,False,,1950,0,1,0,0,0,0,1,False
Gregor Foitek,Switzerland,"[1989, 1990]",0,22,7,0,0,0,0,0,False,,1990,0,0.318181818181818,0,0,0,0,2,False
George Follmer,United States,[1973],0,13,12,0,0,1,0,5,False,,1970,0,0.923076923076923,0,0.0769230769230769,0,0.384615384615385,1,False
George Fonder,United States,"[1952, 1954]",0,5,2,0,0,0,0,0,False,,1950,0,0.4,0,0,0,0,2,False
Norberto Fontana,Argentina,[1997],0,4,4,0,0,0,0,0,False,,2000,0,1,0,0,0,0,1,False
Asdrúbal Fontes Bayardo,Uruguay,[1959],0,1,0,0,0,0,0,0,False,,1960,0,0,0,0,0,0,1,False
Carl Forberg,United States,[1951],0,3,1,0,0,0,0,0,False,,1950,0,0.333333333333333,0,0,0,0,1,False
Gene Force,United States,"[1951, 1960]",0,5,2,0,0,0,0,0,False,,1960,0,0.4,0,0,0,0,2,False
Franco Forini,Switzerland,[1987],0,3,2,0,0,0,0,0,False,,1990,0,0.666666666666667,0,0,0,0,1,False
Philip Fotheringham-Parker,United Kingdom,[1951],0,1,1,0,0,0,0,0,False,,1950,0,1,0,0,0,0,1,False
A. J. Foyt,United States,"[1958, 1959, 1960]",0,3,3,0,0,0,0,0,False,,1960,0,1,0,0,0,0,3,False
Giorgio Francia,Italy,"[1977, 1981]",0,2,0,0,0,0,0,0,False,,1980,0,0,0,0,0,0,2,False
Don Freeland,United States,"[1953, 1954, 1955, 1956, 1957, 1958, 1959, 1960]",0,8,8,0,0,1,0,4,False,,1960,0,1,0,0.125,0,0.5,8,False
Heinz-Harald Frentzen,Germany,"[1994, 1995, 1996, 1997, 1998, 1999, 2000, 2001, 2002, 2003]",0,160,156,2,3,18,6,174,False,,2000,0.0125,0.975,0.01875,0.1125,0.0375,1.0875,10,False
Paul Frère,Belgium,"[1952, 1953, 1954, 1955, 1956]",0,11,11,0,0,1,0,11,False,,1950,0,1,0,0.0909090909090909,0,1,5,False
Patrick Friesacher,Austria,[2005],0,11,11,0,0,0,0,3,False,,2000,0,1,0,0,0,0.272727272727273,1,False
Joe Fry,United Kingdom,[1950],0,1,1,0,0,0,0,0,False,,1950,0,1,0,0,0,0,1,False
Hiroshi Fushida,Japan,[1975],0,2,0,0,0,0,0,0,False,,1980,0,0,0,0,0,0,1,False
Beppe Gabbiani,Italy,"[1978, 1981]",0,17,3,0,0,0,0,0,False,,1980,0,0.176470588235294,0,0,0,0,2,False
Bertrand Gachot,Belgium France,"[1989, 1990, 1991, 1992, 1994, 1995]",0,84,47,0,0,0,1,5,False,,1990,0,0.55952380952381,0,0,0.0119047619047619,0.0595238095238095,6,False
Patrick Gaillard,France,[1979],0,5,2,0,0,0,0,0,False,,1980,0,0.4,0,0,0,0,1,False
Divina Galica,United Kingdom,"[1976, 1978]",0,3,0,0,0,0,0,0,False,,1980,0,0,0,0,0,0,2,False
Nanni Galli,Italy,"[1970, 1971, 1972, 1973]",0,20,17,0,0,0,0,0,False,,1970,0,0.85,0,0,0,0,4,False
Oscar Alfredo Gálvez,Argentina,[1953],0,1,1,0,0,0,0,2,False,,1950,0,1,0,0,0,2,1,False
Fred Gamble,United States,[1960],0,1,1,0,0,0,0,0,False,,1960,0,1,0,0,0,0,1,False
Howden Ganley,New Zealand,"[1971, 1972, 1973, 1974]",0,41,35,0,0,0,0,10,False,,1970,0,0.853658536585366,0,0,0,0.24390243902439,4,False
Giedo van der Garde,Netherlands,[2013],0,19,19,0,0,0,0,0,False,,2010,0,1,0,0,0,0,1,False
Frank Gardner,Australia,"[1964, 1965, 1968]",0,9,8,0,0,0,0,0,False,,1970,0,0.888888888888889,0,0,0,0,3,False
Billy Garrett,United States,"[1956, 1958]",0,3,2,0,0,0,0,0,False,,1960,0,0.666666666666667,0,0,0,0,2,False
Jo Gartner,Austria,[1984],0,8,8,0,0,0,0,0,False,,1980,0,1,0,0,0,0,1,False
Pierre Gasly,France,"[2017, 2018, 2019, 2020, 2021, 2022]",0,109,109,0,1,3,3,334,True,,2020,0,1,0.00917431192660551,0.0275229357798165,0.0275229357798165,3.06422018348624,6,False
Tony Gaze,Australia,[1952],0,4,3,0,0,0,0,0,False,,1950,0,0.75,0,0,0,0,1,False
Geki,Italy,"[1964, 1965, 1966]",0,3,2,0,0,0,0,0,False,,1960,0,0.666666666666667,0,0,0,0,3,False
Olivier Gendebien,Belgium,"[1956, 1958, 1959, 1960, 1961]",0,15,14,0,0,2,0,18,False,,1960,0,0.933333333333333,0,0.133333333333333,0,1.2,5,False
Marc Gené,Spain,"[1999, 2000, 2003, 2004]",0,36,36,0,0,0,0,5,False,,2000,0,1,0,0,0,0.138888888888889,4,False
Elmer George,United States,[1957],0,3,1,0,0,0,0,0,False,,1960,0,0.333333333333333,0,0,0,0,1,False
Bob Gerard,United Kingdom,"[1950, 1951, 1953, 1954, 1956, 1957]",0,8,8,0,0,0,0,0,False,,1950,0,1,0,0,0,0,6,False
Gerino Gerini,Italy,"[1956, 1958]",0,7,6,0,0,0,0,1.5,False,,1960,0,0.857142857142857,0,0,0,0.214285714285714,2,False
Peter Gethin,United Kingdom,"[1970, 1971, 1972, 1973, 1974]",0,31,30,0,1,1,0,11,False,,1970,0,0.967741935483871,0.032258064516129,0.032258064516129,0,0.354838709677419,5,False
Piercarlo Ghinzani,Italy,"[1981, 1983, 1984, 1985, 1986, 1987, 1988, 1989]",0,111,74,0,0,0,0,2,False,,1990,0,0.666666666666667,0,0,0,0.018018018018018,8,False
Bruno Giacomelli,Italy,"[1977, 1978, 1979, 1980, 1981, 1982, 1983, 1990]",0,82,69,1,0,1,0,14,False,,1980,0.0121951219512195,0.841463414634146,0,0.0121951219512195,0,0.170731707317073,8,False
Dick Gibson,United Kingdom,"[1957, 1958]",0,2,2,0,0,0,0,0,False,,1960,0,1,0,0,0,0,2,False
Gimax,Italy,[1978],0,1,0,0,0,0,0,0,False,,1980,0,0,0,0,0,0,1,False
Richie Ginther,United States,"[1960, 1961, 1962, 1963, 1964, 1965, 1966, 1967]",0,54,52,0,1,14,3,102,False,,1960,0,0.962962962962963,0.0185185185185185,0.259259259259259,0.0555555555555556,1.88888888888889,8,False
Antonio Giovinazzi,Italy,"[2017, 2019, 2020, 2021]",0,62,62,0,0,0,0,21,False,,2020,0,1,0,0,0,0.338709677419355,4,False
Yves Giraud-Cabantous,France,"[1950, 1951, 1952, 1953]",0,13,13,0,0,0,0,5,False,,1950,0,1,0,0,0,0.384615384615385,4,False
Ignazio Giunti,Italy,[1970],0,4,4,0,0,0,0,3,False,,1970,0,1,0,0,0,0.75,1,False
Timo Glock,Germany,"[2004, 2008, 2009, 2010, 2011, 2012]",0,95,91,0,0,3,1,51,False,,2010,0,0.957894736842105,0,0.0315789473684211,0.0105263157894737,0.536842105263158,6,False
Helm Glöckler,West Germany,[1953],0,1,0,0,0,0,0,0,False,,1950,0,0,0,0,0,0,1,False
Paco Godia,Spain,"[1951, 1954, 1956, 1957, 1958]",0,14,13,0,0,0,0,6,False,,1960,0,0.928571428571429,0,0,0,0.428571428571429,5,False
Carel Godin de Beaufort,Netherlands,"[1957, 1958, 1959, 1960, 1961, 1962, 1963, 1964]",0,31,28,0,0,0,0,4,False,,1960,0,0.903225806451613,0,0,0,0.129032258064516,8,False
Christian Goethals,Belgium,[1958],0,1,1,0,0,0,0,0,False,,1960,0,1,0,0,0,0,1,False
Paul Goldsmith,United States,"[1958, 1959, 1960]",0,3,3,0,0,1,0,6,False,,1960,0,1,0,0.333333333333333,0,2,3,False
José Froilán González,Argentina,"[1950, 1951, 1952, 1953, 1954, 1955, 1956, 1957, 1960]",0,26,26,3,2,15,6,72.14,False,,1950,0.115384615384615,1,0.0769230769230769,0.576923076923077,0.230769230769231,2.77461538461538,9,False
Óscar González,Uruguay,[1956],0,1,1,0,0,0,0,0,False,,1960,0,1,0,0,0,0,1,False
Aldo Gordini,France,[1951],0,1,1,0,0,0,0,0,False,,1950,0,1,0,0,0,0,1,False
Horace Gould,United Kingdom,"[1954, 1955, 1956, 1957, 1958, 1960]",0,18,14,0,0,0,0,2,False,,1960,0,0.777777777777778,0,0,0,0.111111111111111,6,False
Jean-Marc Gounon,France,"[1993, 1994]",0,9,9,0,0,0,0,0,False,,1990,0,1,0,0,0,0,2,False
Emmanuel de Graffenried,Switzerland,"[1950, 1951, 1952, 1953, 1954, 1956]",0,23,22,0,0,0,0,9,False,,1950,0,0.956521739130435,0,0,0,0.391304347826087,6,False
Lucas di Grassi,Brazil,[2010],0,19,18,0,0,0,0,0,False,,2010,0,0.947368421052632,0,0,0,0,1,False
Cecil Green,United States,"[1950, 1951]",0,2,2,0,0,0,0,3,False,,1950,0,1,0,0,0,1.5,2,False
Keith Greene,United Kingdom,"[1959, 1960, 1961, 1962]",0,6,3,0,0,0,0,0,False,,1960,0,0.5,0,0,0,0,4,False
Masten Gregory,United States,"[1957, 1958, 1959, 1960, 1961, 1962, 1963, 1965]",0,43,38,0,0,3,0,21,False,,1960,0,0.883720930232558,0,0.0697674418604651,0,0.488372093023256,8,False
Cliff Griffith,United States,"[1951, 1952, 1956]",0,7,3,0,0,0,0,0,False,,1950,0,0.428571428571429,0,0,0,0,3,False
Georges Grignard,France,[1951],0,1,1,0,0,0,0,0,False,,1950,0,1,0,0,0,0,1,False
Bobby Grim,United States,"[1959, 1960]",0,2,2,0,0,0,0,0,False,,1960,0,1,0,0,0,0,2,False
Romain Grosjean,France,"[2009, 2012, 2013, 2014, 2015, 2016, 2017, 2018, 2019, 2020]",0,181,179,0,0,10,1,391,False,,2020,0,0.988950276243094,0,0.0552486187845304,0.00552486187845304,2.16022099447514,10,False
Olivier Grouillard,France,"[1989, 1990, 1991, 1992]",0,62,41,0,0,0,0,1,False,,1990,0,0.661290322580645,0,0,0,0.0161290322580645,4,False
Brian Gubby,United Kingdom,[1965],0,1,0,0,0,0,0,0,False,,1960,0,0,0,0,0,0,1,False
André Guelfi,France,[1958],0,1,1,0,0,0,0,0,False,,1960,0,1,0,0,0,0,1,False
Miguel Ángel Guerra,Argentina,[1981],0,4,1,0,0,0,0,0,False,,1980,0,0.25,0,0,0,0,1,False
Roberto Guerrero,Colombia,"[1982, 1983]",0,29,21,0,0,0,0,0,False,,1980,0,0.724137931034483,0,0,0,0,2,False
Maurício Gugelmin,Brazil,"[1988, 1989, 1990, 1991, 1992]",0,80,74,0,0,1,1,10,False,,1990,0,0.925,0,0.0125,0.0125,0.125,5,False
Dan Gurney,United States,"[1959, 1960, 1961, 1962, 1963, 1964, 1965, 1966, 1967, 1968, 1970]",0,87,86,3,4,19,6,133,False,,1960,0.0344827586206897,0.988505747126437,0.0459770114942529,0.218390804597701,0.0689655172413793,1.52873563218391,11,False
Esteban Gutiérrez,Mexico,"[2013, 2014, 2016]",0,59,59,0,0,0,1,6,False,,2010,0,1,0,0,0.0169491525423729,0.101694915254237,3,False
Hubert Hahne,West Germany,"[1967, 1968, 1970]",0,3,2,0,0,0,0,0,False,,1970,0,0.666666666666667,0,0,0,0,3,False
Mike Hailwood,United Kingdom,"[1963, 1964, 1965, 1971, 1972, 1973, 1974]",0,50,50,0,0,2,1,29,False,,1970,0,1,0,0.04,0.02,0.58,7,False
Mika Häkkinen,Finland,"[1991, 1992, 1993, 1994, 1995, 1996, 1997, 1998, 1999, 2000, 2001]",2,165,161,26,20,51,25,420,False,"[1998, 1999]",2000,0.157575757575758,0.975757575757576,0.121212121212121,0.309090909090909,0.151515151515152,2.54545454545455,11,True
Bruce Halford,United Kingdom,"[1956, 1957, 1959, 1960]",0,9,8,0,0,0,0,0,False,,1960,0,0.888888888888889,0,0,0,0,4,False
Jim Hall,United States,"[1960, 1961, 1962, 1963]",0,12,11,0,0,0,0,3,False,,1960,0,0.916666666666667,0,0,0,0.25,4,False
Duncan Hamilton,United Kingdom,"[1951, 1952, 1953]",0,5,5,0,0,0,0,0,False,,1950,0,1,0,0,0,0,3,False
Lewis Hamilton,United Kingdom,"[2007, 2008, 2009, 2010, 2011, 2012, 2013, 2014, 2015, 2016, 2017, 2018, 2019, 2020, 2021, 2022]",7,311,311,103,103,191,61,4415.5,True,"[2008, 2014, 2015, 2017, 2018, 2019, 2020]",2010,0.331189710610933,1,0.331189710610933,0.614147909967846,0.196141479099678,14.1977491961415,16,True
David Hampshire,United Kingdom,[1950],0,2,2,0,0,0,0,0,False,,1950,0,1,0,0,0,0,1,False
Sam Hanks,United States,"[1950, 1951, 1952, 1953, 1954, 1955, 1956, 1957]",0,8,8,0,1,4,0,20,False,,1950,0,1,0.125,0.5,0,2.5,8,False
Walt Hansgen,United States,"[1961, 1964]",0,2,2,0,0,0,0,2,False,,1960,0,1,0,0,0,1,2,False
Mike Harris,South Africa,[1962],0,1,1,0,0,0,0,0,False,,1960,0,1,0,0,0,0,1,False
Cuth Harrison,United Kingdom,[1950],0,3,3,0,0,0,0,0,False,,1950,0,1,0,0,0,0,1,False
Brian Hart,United Kingdom,[1967],0,1,0,0,0,0,0,0,False,,1970,0,0,0,0,0,0,1,False
Brendon Hartley,New Zealand,"[2017, 2018]",0,25,25,0,0,0,0,4,False,,2020,0,1,0,0,0,0.16,2,False
Gene Hartley,United States,"[1950, 1952, 1953, 1954, 1955, 1956, 1957, 1958, 1959, 1960]",0,10,8,0,0,0,0,0,False,,1960,0,0.8,0,0,0,0,10,False
Rio Haryanto,Indonesia,[2016],0,12,12,0,0,0,0,0,False,,2020,0,1,0,0,0,0,1,False
Masahiro Hasemi,Japan,[1976],0,1,1,0,0,0,0,0,False,,1980,0,1,0,0,0,0,1,False
Naoki Hattori,Japan,[1991],0,2,0,0,0,0,0,0,False,,1990,0,0,0,0,0,0,1,False
Paul Hawkins,Australia,[1965],0,3,3,0,0,0,0,0,False,,1960,0,1,0,0,0,0,1,False
Mike Hawthorn,United Kingdom,"[1952, 1953, 1954, 1955, 1956, 1957, 1958]",1,47,45,4,3,18,6,112.64,False,[1958],1960,0.0851063829787234,0.957446808510638,0.0638297872340426,0.382978723404255,0.127659574468085,2.39659574468085,7,True
Boy Hayje,Netherlands,"[1976, 1977]",0,7,3,0,0,0,0,0,False,,1980,0,0.428571428571429,0,0,0,0,2,False
Willi Heeks,West Germany,"[1952, 1953]",0,2,2,0,0,0,0,0,False,,1950,0,1,0,0,0,0,2,False
Nick Heidfeld,Germany,"[2000, 2001, 2002, 2003, 2004, 2005, 2006, 2007, 2008, 2009, 2010, 2011]",0,185,183,1,0,13,2,259,False,,2010,0.00540540540540541,0.989189189189189,0,0.0702702702702703,0.0108108108108108,1.4,12,False
Theo Helfrich,West Germany,"[1952, 1953, 1954]",0,3,3,0,0,0,0,0,False,,1950,0,1,0,0,0,0,3,False
Mack Hellings,United States,"[1950, 1951]",0,2,2,0,0,0,0,0,False,,1950,0,1,0,0,0,0,2,False
Brian Henton,United Kingdom,"[1975, 1977, 1981, 1982]",0,37,19,0,0,0,1,0,False,,1980,0,0.513513513513514,0,0,0.027027027027027,0,4,False
Johnny Herbert,United Kingdom,"[1989, 1990, 1991, 1992, 1993, 1994, 1995, 1996, 1997, 1998, 1999, 2000]",0,165,160,0,3,7,0,98,False,,1990,0,0.96969696969697,0.0181818181818182,0.0424242424242424,0,0.593939393939394,12,False
Al Herman,United States,"[1955, 1956, 1957, 1959, 1960]",0,8,5,0,0,0,0,0,False,,1960,0,0.625,0,0,0,0,5,False
Hans Herrmann,West Germany,"[1953, 1954, 1955, 1957, 1958, 1959, 1960, 1961]",0,19,17,0,0,1,1,10,False,,1960,0,0.894736842105263,0,0.0526315789473684,0.0526315789473684,0.526315789473684,8,False
François Hesnault,France,"[1984, 1985]",0,21,19,0,0,0,0,0,False,,1980,0,0.904761904761905,0,0,0,0,2,False
Hans Heyer,West Germany,[1977],0,1,1,0,0,0,0,0,False,,1980,0,1,0,0,0,0,1,False
Damon Hill,United Kingdom,"[1992, 1993, 1994, 1995, 1996, 1997, 1998, 1999]",1,122,115,20,22,42,19,360,False,[1996],2000,0.163934426229508,0.942622950819672,0.180327868852459,0.344262295081967,0.155737704918033,2.95081967213115,8,True
Graham Hill,United Kingdom,"[1958, 1959, 1960, 1961, 1962, 1963, 1964, 1965, 1966, 1967, 1968, 1969, 1970, 1971, 1972, 1973, 1974, 1975]",2,179,176,13,14,36,10,270,False,"[1962, 1968]",1970,0.0726256983240224,0.983240223463687,0.0782122905027933,0.201117318435754,0.0558659217877095,1.50837988826816,18,True
Phil Hill,United States,"[1958, 1959, 1960, 1961, 1962, 1963, 1964, 1966]",1,52,49,6,3,16,6,94,False,[1961],1960,0.115384615384615,0.942307692307692,0.0576923076923077,0.307692307692308,0.115384615384615,1.80769230769231,8,True
Peter Hirt,Switzerland,"[1951, 1952, 1953]",0,5,5,0,0,0,0,0,False,,1950,0,1,0,0,0,0,3,False
David Hobbs,United Kingdom,"[1967, 1968, 1971, 1974]",0,7,7,0,0,0,0,0,False,,1970,0,1,0,0,0,0,4,False
Gary Hocking,Rhodesia and Nyasaland,[1962],0,1,0,0,0,0,0,0,False,,1960,0,0,0,0,0,0,1,False
Ingo Hoffmann,Brazil,"[1976, 1977]",0,6,3,0,0,0,0,0,False,,1980,0,0.5,0,0,0,0,2,False
Bill Holland,United States,"[1950, 1953]",0,3,2,0,0,1,0,6,False,,1950,0,0.666666666666667,0,0.333333333333333,0,2,2,False
Jackie Holmes,United States,"[1950, 1953]",0,4,2,0,0,0,0,0,False,,1950,0,0.5,0,0,0,0,2,False
Bill Homeier,United States,"[1954, 1955, 1960]",0,6,3,0,0,0,0,1,False,,1960,0,0.5,0,0,0,0.166666666666667,3,False
Kazuyoshi Hoshino,Japan,"[1976, 1977]",0,2,2,0,0,0,0,0,False,,1980,0,1,0,0,0,0,2,False
Jerry Hoyt,United States,"[1950, 1953, 1954, 1955]",0,4,4,1,0,0,0,0,False,,1950,0.25,1,0,0,0,0,4,False
Nico Hülkenberg,Germany,"[2010, 2012, 2013, 2014, 2015, 2016, 2017, 2018, 2019, 2020, 2022]",0,185,182,1,0,0,2,521,True,,2020,0.00540540540540541,0.983783783783784,0,0,0.0108108108108108,2.81621621621622,11,False
Denny Hulme,New Zealand,"[1965, 1966, 1967, 1968, 1969, 1970, 1971, 1972, 1973, 1974]",1,112,112,1,8,33,9,248,False,[1967],1970,0.00892857142857143,1,0.0714285714285714,0.294642857142857,0.0803571428571429,2.21428571428571,10,True
James Hunt,United Kingdom,"[1973, 1974, 1975, 1976, 1977, 1978, 1979]",1,93,92,14,10,23,8,179,False,[1976],1980,0.150537634408602,0.989247311827957,0.10752688172043,0.247311827956989,0.0860215053763441,1.9247311827957,7,True
Jim Hurtubise,United States,[1960],0,1,1,0,0,0,0,0,False,,1960,0,1,0,0,0,0,1,False
Gus Hutchison,United States,[1970],0,1,1,0,0,0,0,0,False,,1970,0,1,0,0,0,0,1,False
Jacky Ickx,Belgium,"[1967, 1968, 1969, 1970, 1971, 1972, 1973, 1974, 1975, 1976, 1977, 1978, 1979]",0,120,114,13,8,25,14,181,False,,1970,0.108333333333333,0.95,0.0666666666666667,0.208333333333333,0.116666666666667,1.50833333333333,13,False
Yuji Ide,Japan,[2006],0,4,4,0,0,0,0,0,False,,2010,0,1,0,0,0,0,1,False
Jesús Iglesias,Argentina,[1955],0,1,1,0,0,0,0,0,False,,1960,0,1,0,0,0,0,1,False
Taki Inoue,Japan,"[1994, 1995]",0,18,18,0,0,0,0,0,False,,1990,0,1,0,0,0,0,2,False
Innes Ireland,United Kingdom,"[1959, 1960, 1961, 1962, 1963, 1964, 1965, 1966]",0,53,50,0,1,4,1,47,False,,1960,0,0.943396226415094,0.0188679245283019,0.0754716981132075,0.0188679245283019,0.886792452830189,8,False
Eddie Irvine,United Kingdom,"[1993, 1994, 1995, 1996, 1997, 1998, 1999, 2000, 2001, 2002]",0,148,145,0,4,26,1,191,False,,2000,0,0.97972972972973,0.027027027027027,0.175675675675676,0.00675675675675676,1.29054054054054,10,False
Chris Irwin,United Kingdom,"[1966, 1967]",0,10,10,0,0,0,0,2,False,,1970,0,1,0,0,0,0.2,2,False
Jean-Pierre Jabouille,France,"[1974, 1975, 1977, 1978, 1979, 1980, 1981]",0,55,49,6,2,2,0,21,False,,1980,0.109090909090909,0.890909090909091,0.0363636363636364,0.0363636363636364,0,0.381818181818182,7,False
Jimmy Jackson,United States,"[1950, 1954]",0,3,2,0,0,0,0,0,False,,1950,0,0.666666666666667,0,0,0,0,2,False
Joe James,United States,"[1951, 1952]",0,3,2,0,0,0,0,0,False,,1950,0,0.666666666666667,0,0,0,0,2,False
John James,United Kingdom,[1951],0,1,1,0,0,0,0,0,False,,1950,0,1,0,0,0,0,1,False
Jean-Pierre Jarier,France,"[1971, 1973, 1974, 1975, 1976, 1977, 1978, 1979, 1980, 1981, 1982, 1983]",0,143,135,3,0,3,3,31.5,False,,1980,0.020979020979021,0.944055944055944,0,0.020979020979021,0.020979020979021,0.22027972027972,12,False
Max Jean[w],France,[1971],0,1,1,0,0,0,0,0,False,,1970,0,1,0,0,0,0,1,False
Stefan Johansson,Sweden,"[1980, 1983, 1984, 1985, 1986, 1987, 1988, 1989, 1990, 1991]",0,103,79,0,0,12,0,88,False,,1990,0,0.766990291262136,0,0.116504854368932,0,0.854368932038835,10,False
Eddie Johnson,United States,"[1952, 1953, 1954, 1955, 1956, 1957, 1958, 1959, 1960]",0,9,9,0,0,0,0,1,False,,1960,0,1,0,0,0,0.111111111111111,9,False
Leslie Johnson,United Kingdom,[1950],0,1,1,0,0,0,0,0,False,,1950,0,1,0,0,0,0,1,False
Bruce Johnstone,South Africa,[1962],0,1,1,0,0,0,0,0,False,,1960,0,1,0,0,0,0,1,False
Alan Jones,Australia,"[1975, 1976, 1977, 1978, 1979, 1980, 1981, 1983, 1985, 1986]",1,117,116,6,12,24,13,199,False,[1980],1980,0.0512820512820513,0.991452991452992,0.102564102564103,0.205128205128205,0.111111111111111,1.7008547008547,10,True
Tom Jones,United States,[1967],0,1,0,0,0,0,0,0,False,,1970,0,0,0,0,0,0,1,False
Juan Jover,Spain,[1951],0,1,0,0,0,0,0,0,False,,1950,0,0,0,0,0,0,1,False
Oswald Karch,West Germany,[1953],0,1,1,0,0,0,0,0,False,,1950,0,1,0,0,0,0,1,False
Narain Karthikeyan,India,"[2005, 2011, 2012]",0,48,46,0,0,0,0,5,False,,2010,0,0.958333333333333,0,0,0,0.104166666666667,3,False
Ukyo Katayama,Japan,"[1992, 1993, 1994, 1995, 1996, 1997]",0,97,95,0,0,0,0,5,False,,1990,0,0.979381443298969,0,0,0,0.0515463917525773,6,False
Ken Kavanagh,Australia,[1958],0,2,0,0,0,0,0,0,False,,1960,0,0,0,0,0,0,1,False
Rupert Keegan,United Kingdom,"[1977, 1978, 1980, 1982]",0,37,25,0,0,0,0,0,False,,1980,0,0.675675675675676,0,0,0,0,4,False
Eddie Keizan,South Africa,"[1973, 1974, 1975]",0,3,3,0,0,0,0,0,False,,1970,0,1,0,0,0,0,3,False
Al Keller,United States,"[1955, 1956, 1957, 1958, 1959]",0,6,5,0,0,0,0,0,False,,1960,0,0.833333333333333,0,0,0,0,5,False
Joe Kelly,Ireland,"[1950, 1951]",0,2,2,0,0,0,0,0,False,,1950,0,1,0,0,0,0,2,False
David Kennedy,Ireland,[1980],0,7,0,0,0,0,0,0,False,,1980,0,0,0,0,0,0,1,False
Loris Kessel,Switzerland,"[1976, 1977]",0,6,3,0,0,0,0,0,False,,1980,0,0.5,0,0,0,0,2,False
Bruce Kessler,United States,[1958],0,1,0,0,0,0,0,0,False,,1960,0,0,0,0,0,0,1,False
Nicolas Kiesa,Denmark,[2003],0,5,5,0,0,0,0,0,False,,2000,0,1,0,0,0,0,1,False
Leo Kinnunen,Finland,[1974],0,6,1,0,0,0,0,0,False,,1970,0,0.166666666666667,0,0,0,0,1,False
Danny Kladis,United States,[1954],0,5,1,0,0,0,0,0,False,,1950,0,0.2,0,0,0,0,1,False
Hans Klenk,West Germany,[1952],0,1,1,0,0,0,0,0,False,,1950,0,1,0,0,0,0,1,False
Peter de Klerk,South Africa,"[1963, 1965, 1969, 1970]",0,4,4,0,0,0,0,0,False,,1970,0,1,0,0,0,0,4,False
Christian Klien,Austria,"[2004, 2005, 2006, 2010]",0,51,49,0,0,0,0,14,False,,2010,0,0.96078431372549,0,0,0,0.274509803921569,4,False
Karl Kling,West Germany,"[1954, 1955]",0,11,11,0,0,2,1,17,False,,1950,0,1,0,0.181818181818182,0.0909090909090909,1.54545454545455,2,False
Ernst Klodwig,East Germany,"[1952, 1953]",0,2,2,0,0,0,0,0,False,,1950,0,1,0,0,0,0,2,False
Kamui Kobayashi,Japan,"[2009, 2010, 2011, 2012, 2014]",0,76,75,0,0,1,1,125,False,,2010,0,0.986842105263158,0,0.0131578947368421,0.0131578947368421,1.64473684210526,5,False
Helmuth Koinigg,Austria,[1974],0,3,2,0,0,0,0,0,False,,1970,0,0.666666666666667,0,0,0,0,1,False
Heikki Kovalainen,Finland,"[2007, 2008, 2009, 2010, 2011, 2012, 2013]",0,112,111,1,1,4,2,105,False,,2010,0.00892857142857143,0.991071428571429,0.00892857142857143,0.0357142857142857,0.0178571428571429,0.9375,7,False
Mikko Kozarowitzky,Finland,[1977],0,2,0,0,0,0,0,0,False,,1980,0,0,0,0,0,0,1,False
Willi Krakau,West Germany,[1952],0,1,0,0,0,0,0,0,False,,1950,0,0,0,0,0,0,1,False
Rudolf Krause,East Germany,"[1952, 1953]",0,2,2,0,0,0,0,0,False,,1950,0,1,0,0,0,0,2,False
Robert Kubica,Poland,"[2006, 2007, 2008, 2009, 2010, 2019, 2021]",0,99,99,1,1,12,1,274,False,,2010,0.0101010101010101,1,0.0101010101010101,0.121212121212121,0.0101010101010101,2.76767676767677,7,False
Kurt Kuhnke,West Germany,[1963],0,1,0,0,0,0,0,0,False,,1960,0,0,0,0,0,0,1,False
Masami Kuwashima,Japan,[1976],0,1,0,0,0,0,0,0,False,,1980,0,0,0,0,0,0,1,False
Daniil Kvyat,Russia,"[2014, 2015, 2016, 2017, 2019, 2020]",0,112,110,0,0,3,1,202,False,,2020,0,0.982142857142857,0,0.0267857142857143,0.00892857142857143,1.80357142857143,6,False
Robert La Caze,Morocco,[1958],0,1,1,0,0,0,0,0,False,,1960,0,1,0,0,0,0,1,False
Jacques Laffite,France,"[1974, 1975, 1976, 1977, 1978, 1979, 1980, 1981, 1982, 1983, 1984, 1985, 1986]",0,180,176,7,6,32,7,228,False,,1980,0.0388888888888889,0.977777777777778,0.0333333333333333,0.177777777777778,0.0388888888888889,1.26666666666667,13,False
Franck Lagorce,France,[1994],0,2,2,0,0,0,0,0,False,,1990,0,1,0,0,0,0,1,False
Jan Lammers,Netherlands,"[1979, 1980, 1981, 1982, 1992]",0,41,23,0,0,0,0,0,False,,1980,0,0.560975609756098,0,0,0,0,5,False
Pedro Lamy,Portugal,"[1993, 1994, 1995, 1996]",0,32,32,0,0,0,0,1,False,,1990,0,1,0,0,0,0.03125,4,False
Chico Landi,Brazil,"[1951, 1952, 1953, 1956]",0,6,6,0,0,0,0,1.5,False,,1950,0,1,0,0,0,0.25,4,False
Hermann Lang,West Germany,"[1953, 1954]",0,2,2,0,0,0,0,2,False,,1950,0,1,0,0,0,1,2,False
Claudio Langes,Italy,[1990],0,14,0,0,0,0,0,0,False,,1990,0,0,0,0,0,0,1,False
Nicola Larini,Italy,"[1987, 1988, 1989, 1990, 1991, 1992, 1994, 1997]",0,75,49,0,0,1,0,7,False,,1990,0,0.653333333333333,0,0.0133333333333333,0,0.0933333333333333,8,False
Oscar Larrauri,Argentina,"[1988, 1989]",0,21,8,0,0,0,0,0,False,,1990,0,0.380952380952381,0,0,0,0,2,False
Gérard Larrousse,France,[1974],0,2,1,0,0,0,0,0,False,,1970,0,0.5,0,0,0,0,1,False
Jud Larson,United States,"[1958, 1959]",0,5,2,0,0,0,0,0,False,,1960,0,0.4,0,0,0,0,2,False
Nicholas Latifi,Canada,"[2020, 2021, 2022]",0,61,61,0,0,0,0,9,False,,2020,0,1,0,0,0,0.147540983606557,3,False
Niki Lauda,Austria,"[1971, 1972, 1973, 1974, 1975, 1976, 1977, 1978, 1979, 1982, 1983, 1984, 1985]",3,177,171,24,25,54,24,420.5,False,"[1975, 1977, 1984]",1980,0.135593220338983,0.966101694915254,0.141242937853107,0.305084745762712,0.135593220338983,2.37570621468927,13,True
Roger Laurent,Belgium,[1952],0,2,2,0,0,0,0,0,False,,1950,0,1,0,0,0,0,1,False
Giovanni Lavaggi,Italy,"[1995, 1996]",0,10,7,0,0,0,0,0,False,,2000,0,0.7,0,0,0,0,2,False
Chris Lawrence,United Kingdom,[1966],0,2,2,0,0,0,0,0,False,,1970,0,1,0,0,0,0,1,False
Charles Leclerc,Monaco,"[2018, 2019, 2020, 2021, 2022]",0,104,103,18,5,24,7,868,True,,2020,0.173076923076923,0.990384615384615,0.0480769230769231,0.230769230769231,0.0673076923076923,8.34615384615385,5,False
Michel Leclère,France,"[1975, 1976]",0,8,7,0,0,0,0,0,False,,1980,0,0.875,0,0,0,0,2,False
Neville Lederle,South Africa,"[1962, 1965]",0,2,1,0,0,0,0,1,False,,1960,0,0.5,0,0,0,0.5,2,False
Geoff Lees,United Kingdom,"[1978, 1979, 1980, 1982]",0,12,5,0,0,0,0,0,False,,1980,0,0.416666666666667,0,0,0,0,4,False
Gijs van Lennep,Netherlands,"[1971, 1973, 1974, 1975]",0,10,8,0,0,0,0,2,False,,1970,0,0.8,0,0,0,0.2,4,False
Arthur Legat,Belgium,"[1952, 1953]",0,2,2,0,0,0,0,0,False,,1950,0,1,0,0,0,0,2,False
JJ Lehto,Finland,"[1989, 1990, 1991, 1992, 1993, 1994]",0,70,62,0,0,1,0,10,False,,1990,0,0.885714285714286,0,0.0142857142857143,0,0.142857142857143,6,False
Lamberto Leoni,Italy,"[1977, 1978]",0,5,1,0,0,0,0,0,False,,1980,0,0.2,0,0,0,0,2,False
Les Leston,United Kingdom,"[1956, 1957]",0,3,2,0,0,0,0,0,False,,1960,0,0.666666666666667,0,0,0,0,2,False
Pierre Levegh,France,"[1950, 1951]",0,6,6,0,0,0,0,0,False,,1950,0,1,0,0,0,0,2,False
Bayliss Levrett,United States,[1950],0,3,1,0,0,0,0,0,False,,1950,0,0.333333333333333,0,0,0,0,1,False
Jackie Lewis,United Kingdom,"[1961, 1962]",0,10,9,0,0,0,0,3,False,,1960,0,0.9,0,0,0,0.3,2,False
Stuart Lewis-Evans,United Kingdom,"[1957, 1958]",0,14,14,2,0,2,0,16,False,,1960,0.142857142857143,1,0,0.142857142857143,0,1.14285714285714,2,False
Guy Ligier,France,"[1966, 1967]",0,13,12,0,0,0,0,1,False,,1970,0,0.923076923076923,0,0,0,0.0769230769230769,2,False
Andy Linden,United States,"[1951, 1952, 1953, 1954, 1955, 1956, 1957]",0,8,7,0,0,0,0,5,False,,1950,0,0.875,0,0,0,0.625,7,False
Roberto Lippi,Italy,"[1961, 1962, 1963]",0,3,1,0,0,0,0,0,False,,1960,0,0.333333333333333,0,0,0,0,3,False
Vitantonio Liuzzi,Italy,"[2005, 2006, 2007, 2009, 2010, 2011]",0,81,80,0,0,0,0,26,False,,2010,0,0.987654320987654,0,0,0,0.320987654320988,6,False
Dries van der Lof,Netherlands,[1952],0,1,1,0,0,0,0,0,False,,1950,0,1,0,0,0,0,1,False
Lella Lombardi,Italy,"[1974, 1975, 1976]",0,17,12,0,0,0,0,0.5,False,,1980,0,0.705882352941177,0,0,0,0.0294117647058824,3,False
Ricardo Londoño,Colombia,[1981],0,1,0,0,0,0,0,0,False,,1980,0,0,0,0,0,0,1,False
Ernst Loof,West Germany,[1953],0,1,1,0,0,0,0,0,False,,1950,0,1,0,0,0,0,1,False
André Lotterer,Germany,[2014],0,1,1,0,0,0,0,0,False,,2010,0,1,0,0,0,0,1,False
Henri Louveau,France,"[1950, 1951]",0,2,2,0,0,0,0,0,False,,1950,0,1,0,0,0,0,2,False
John Love,Rhodesia,"[1962, 1963, 1964, 1965, 1967, 1968, 1969, 1970, 1971, 1972]",0,10,9,0,0,1,0,6,False,,1970,0,0.9,0,0.1,0,0.6,10,False
Pete Lovely,United States,"[1959, 1960, 1969, 1970, 1971]",0,11,7,0,0,0,0,0,False,,1970,0,0.636363636363636,0,0,0,0,5,False
Roger Loyer,France,[1954],0,1,1,0,0,0,0,0,False,,1950,0,1,0,0,0,0,1,False
Jean Lucas,France,[1955],0,1,1,0,0,0,0,0,False,,1960,0,1,0,0,0,0,1,False
Jean Lucienbonnet,France,[1959],0,1,0,0,0,0,0,0,False,,1960,0,0,0,0,0,0,1,False
Erik Lundgren,Sweden,[1951],0,1,0,0,0,0,0,0,False,,1950,0,0,0,0,0,0,1,False
Brett Lunger,United States,"[1975, 1976, 1977, 1978]",0,43,34,0,0,0,0,0,False,,1980,0,0.790697674418605,0,0,0,0,4,False
Mike MacDowel,United Kingdom,[1957],0,1,1,0,0,0,0,0,False,,1960,0,1,0,0,0,0,1,False
Herbert MacKay-Fraser,United States,[1957],0,1,1,0,0,0,0,0,False,,1960,0,1,0,0,0,0,1,False
Bill Mackey,United States,[1951],0,1,1,0,0,0,0,0,False,,1950,0,1,0,0,0,0,1,False
Lance Macklin,United Kingdom,"[1952, 1953, 1954, 1955]",0,15,13,0,0,0,0,0,False,,1950,0,0.866666666666667,0,0,0,0,4,False
Damien Magee,United Kingdom,"[1975, 1976]",0,2,1,0,0,0,0,0,False,,1980,0,0.5,0,0,0,0,2,False
Tony Maggs,South Africa,"[1961, 1962, 1963, 1964, 1965]",0,27,25,0,0,3,0,26,False,,1960,0,0.925925925925926,0,0.111111111111111,0,0.962962962962963,5,False
Mike Magill,United States,"[1957, 1958, 1959]",0,4,3,0,0,0,0,0,False,,1960,0,0.75,0,0,0,0,3,False
Umberto Maglioli,Italy,"[1953, 1954, 1955, 1956, 1957]",0,10,10,0,0,2,0,3.33,False,,1960,0,1,0,0.2,0,0.333,5,False
Jan Magnussen,Denmark,"[1995, 1997, 1998]",0,25,24,0,0,0,0,1,False,,2000,0,0.96,0,0,0,0.04,3,False
Kevin Magnussen,Denmark,"[2014, 2015, 2016, 2017, 2018, 2019, 2020, 2022]",0,143,142,1,0,1,2,183,True,,2020,0.00699300699300699,0.993006993006993,0,0.00699300699300699,0.013986013986014,1.27972027972028,8,False
Guy Mairesse,France,"[1950, 1951]",0,3,3,0,0,0,0,0,False,,1950,0,1,0,0,0,0,2,False
Willy Mairesse,Belgium,"[1960, 1961, 1962, 1963, 1965]",0,13,12,0,0,1,0,7,False,,1960,0,0.923076923076923,0,0.0769230769230769,0,0.538461538461538,5,False
Pastor Maldonado,Venezuela,"[2011, 2012, 2013, 2014, 2015]",0,96,95,1,1,1,0,76,False,,2010,0.0104166666666667,0.989583333333333,0.0104166666666667,0.0104166666666667,0,0.791666666666667,5,False
Nigel Mansell,United Kingdom,"[1980, 1981, 1982, 1983, 1984, 1985, 1986, 1987, 1988, 1989, 1990, 1991, 1992, 1994, 1995]",1,191,187,32,31,59,30,480,False,[1992],1990,0.167539267015707,0.979057591623037,0.162303664921466,0.308900523560209,0.157068062827225,2.5130890052356,15,True
Sergio Mantovani,Italy,"[1953, 1954, 1955]",0,8,7,0,0,0,0,4,False,,1950,0,0.875,0,0,0,0.5,3,False
Johnny Mantz,United States,[1953],0,1,0,0,0,0,0,0,False,,1950,0,0,0,0,0,0,1,False
Robert Manzon,France,"[1950, 1951, 1952, 1953, 1954, 1955, 1956]",0,29,28,0,0,2,0,16,False,,1950,0,0.96551724137931,0,0.0689655172413793,0,0.551724137931035,7,False
Onofre Marimón,Argentina,"[1951, 1953, 1954]",0,12,11,0,0,2,1,8.14,False,,1950,0,0.916666666666667,0,0.166666666666667,0.0833333333333333,0.678333333333333,3,False
Helmut Marko,Austria,"[1971, 1972]",0,10,10,0,0,0,0,0,False,,1970,0,1,0,0,0,0,2,False
Tarso Marques,Brazil,"[1996, 1997, 2001]",0,26,24,0,0,0,0,0,False,,2000,0,0.923076923076923,0,0,0,0,3,False
Leslie Marr,United Kingdom,"[1954, 1955]",0,2,2,0,0,0,0,0,False,,1950,0,1,0,0,0,0,2,False
Tony Marsh,United Kingdom,"[1957, 1958, 1961]",0,5,4,0,0,0,0,0,False,,1960,0,0.8,0,0,0,0,3,False
Eugène Martin,France,[1950],0,2,2,0,0,0,0,0,False,,1950,0,1,0,0,0,0,1,False
Pierluigi Martini,Italy,"[1984, 1985, 1988, 1989, 1990, 1991, 1992, 1993, 1994, 1995]",0,124,118,0,0,0,0,18,False,,1990,0,0.951612903225807,0,0,0,0.145161290322581,10,False
Jochen Mass,West Germany,"[1973, 1974, 1975, 1976, 1977, 1978, 1979, 1980, 1982]",0,114,105,0,1,8,2,71,False,,1980,0,0.921052631578947,0.0087719298245614,0.0701754385964912,0.0175438596491228,0.62280701754386,9,False
Felipe Massa,Brazil,"[2002, 2004, 2005, 2006, 2007, 2008, 2009, 2010, 2011, 2012, 2013, 2014, 2015, 2016, 2017]",0,272,269,16,11,41,15,1167,False,,2010,0.0588235294117647,0.988970588235294,0.0404411764705882,0.150735294117647,0.0551470588235294,4.29044117647059,15,False
Cristiano da Matta,Brazil,"[2003, 2004]",0,28,28,0,0,0,0,13,False,,2000,0,1,0,0,0,0.464285714285714,2,False
Michael May,Switzerland,[1961],0,3,2,0,0,0,0,0,False,,1960,0,0.666666666666667,0,0,0,0,1,False
Timmy Mayer,United States,[1962],0,1,1,0,0,0,0,0,False,,1960,0,1,0,0,0,0,1,False
Nikita Mazepin,RAF,[2021],0,22,21,0,0,0,0,0,False,,2020,0,0.954545454545455,0,0,0,0,1,False
François Mazet,France,[1971],0,1,1,0,0,0,0,0,False,,1970,0,1,0,0,0,0,1,False
Gastón Mazzacane,Argentina,"[2000, 2001]",0,21,21,0,0,0,0,0,False,,2000,0,1,0,0,0,0,2,False
Kenneth McAlpine,United Kingdom,"[1952, 1953, 1955]",0,7,7,0,0,0,0,0,False,,1950,0,1,0,0,0,0,3,False
Perry McCarthy,United Kingdom,[1992],0,11,0,0,0,0,0,0,False,,1990,0,0,0,0,0,0,1,False
Ernie McCoy,United States,"[1953, 1954]",0,3,1,0,0,0,0,0,False,,1950,0,0.333333333333333,0,0,0,0,2,False
Johnny McDowell,United States,"[1950, 1951, 1952]",0,3,3,0,0,0,0,0,False,,1950,0,1,0,0,0,0,3,False
Jack McGrath,United States,"[1950, 1951, 1952, 1953, 1954, 1955]",0,6,6,1,0,2,1,9,False,,1950,0.166666666666667,1,0,0.333333333333333,0.166666666666667,1.5,6,False
Brian McGuire,Australia,[1977],0,2,0,0,0,0,0,0,False,,1980,0,0,0,0,0,0,1,False
Bruce McLaren,New Zealand,"[1958, 1959, 1960, 1961, 1962, 1963, 1964, 1965, 1966, 1967, 1968, 1969, 1970]",0,104,100,0,4,27,3,188.5,False,,1960,0,0.961538461538462,0.0384615384615385,0.259615384615385,0.0288461538461538,1.8125,13,False
Allan McNish,United Kingdom,[2002],0,17,16,0,0,0,0,0,False,,2000,0,0.941176470588235,0,0,0,0,1,False
Graham McRae,New Zealand,[1973],0,1,1,0,0,0,0,0,False,,1970,0,1,0,0,0,0,1,False
Jim McWithey,United States,"[1959, 1960]",0,5,2,0,0,0,0,0,False,,1960,0,0.4,0,0,0,0,2,False
Carlos Menditeguy,Argentina,"[1953, 1954, 1955, 1956, 1957, 1958, 1960]",0,11,10,0,0,1,0,9,False,,1960,0,0.909090909090909,0,0.0909090909090909,0,0.818181818181818,7,False
Roberto Merhi,Spain,[2015],0,14,13,0,0,0,0,0,False,,2020,0,0.928571428571429,0,0,0,0,1,False
Harry Merkel,West Germany,[1952],0,1,0,0,0,0,0,0,False,,1950,0,0,0,0,0,0,1,False
Arturo Merzario,Italy,"[1972, 1973, 1974, 1975, 1976, 1977, 1978, 1979]",0,85,57,0,0,0,0,11,False,,1980,0,0.670588235294118,0,0,0,0.129411764705882,8,False
Roberto Mieres,Argentina,"[1953, 1954, 1955]",0,17,17,0,0,0,1,13,False,,1950,0,1,0,0,0.0588235294117647,0.764705882352941,3,False
François Migault,France,"[1972, 1974, 1975]",0,16,13,0,0,0,0,0,False,,1970,0,0.8125,0,0,0,0,3,False
John Miles,United Kingdom,"[1969, 1970]",0,15,12,0,0,0,0,2,False,,1970,0,0.8,0,0,0,0.133333333333333,2,False
Ken Miles,United Kingdom,[1961],0,1,0,0,0,0,0,0,False,,1960,0,0,0,0,0,0,1,False
André Milhoux,Belgium,[1956],0,1,1,0,0,0,0,0,False,,1960,0,1,0,0,0,0,1,False
Chet Miller,United States,"[1951, 1952]",0,4,2,0,0,0,0,0,False,,1950,0,0.5,0,0,0,0,2,False
Gerhard Mitter,West Germany,"[1963, 1964, 1965]",0,7,5,0,0,0,0,3,False,,1960,0,0.714285714285714,0,0,0,0.428571428571429,3,False
Stefano Modena,Italy,"[1987, 1988, 1989, 1990, 1991, 1992]",0,81,70,0,0,2,0,17,False,,1990,0,0.864197530864198,0,0.0246913580246914,0,0.209876543209877,6,False
Thomas Monarch,United States,[1963],0,1,0,0,0,0,0,0,False,,1960,0,0,0,0,0,0,1,False
Franck Montagny,France,[2006],0,7,7,0,0,0,0,0,False,,2010,0,1,0,0,0,0,1,False
Tiago Monteiro,Portugal,"[2005, 2006]",0,37,37,0,0,1,0,7,False,,2010,0,1,0,0.027027027027027,0,0.189189189189189,2,False
Andrea Montermini,Italy,"[1994, 1995, 1996]",0,29,19,0,0,0,0,0,False,,2000,0,0.655172413793103,0,0,0,0,3,False
Peter Monteverdi,Switzerland,[1961],0,1,0,0,0,0,0,0,False,,1960,0,0,0,0,0,0,1,False
Robin Montgomerie-Charrington,United Kingdom,[1952],0,1,1,0,0,0,0,0,False,,1950,0,1,0,0,0,0,1,False
Juan Pablo Montoya,Colombia,"[2001, 2002, 2003, 2004, 2005, 2006]",0,95,94,13,7,30,12,307,False,,2000,0.136842105263158,0.989473684210526,0.0736842105263158,0.315789473684211,0.126315789473684,3.23157894736842,6,False
Gianni Morbidelli,Italy,"[1990, 1991, 1992, 1994, 1995, 1997]",0,70,67,0,0,1,0,8.5,False,,1990,0,0.957142857142857,0,0.0142857142857143,0,0.121428571428571,6,False
Roberto Moreno,Brazil,"[1982, 1987, 1989, 1990, 1991, 1992, 1995]",0,77,41,0,0,1,1,15,False,,1990,0,0.532467532467532,0,0.012987012987013,0.012987012987013,0.194805194805195,7,False
Dave Morgan,United Kingdom,[1975],0,1,1,0,0,0,0,0,False,,1980,0,1,0,0,0,0,1,False
Silvio Moser,Switzerland,"[1967, 1968, 1969, 1970, 1971]",0,20,12,0,0,0,0,3,False,,1970,0,0.6,0,0,0,0.15,5,False
Bill Moss,United Kingdom,[1959],0,1,0,0,0,0,0,0,False,,1960,0,0,0,0,0,0,1,False
Stirling Moss,United Kingdom,"[1951, 1952, 1953, 1954, 1955, 1956, 1957, 1958, 1959, 1960, 1961]",0,67,66,16,16,24,19,185.64,False,,1960,0.238805970149254,0.985074626865672,0.238805970149254,0.358208955223881,0.283582089552239,2.77074626865672,11,False
Gino Munaron,Italy,[1960],0,4,4,0,0,0,0,0,False,,1960,0,1,0,0,0,0,1,False
David Murray,United Kingdom,"[1950, 1951, 1952]",0,5,4,0,0,0,0,0,False,,1950,0,0.8,0,0,0,0,3,False
Luigi Musso,Italy,"[1953, 1954, 1955, 1956, 1957, 1958]",0,25,24,0,1,7,1,44,False,,1960,0,0.96,0.04,0.28,0.04,1.76,6,False
Kazuki Nakajima,Japan,"[2007, 2008, 2009]",0,36,36,0,0,0,0,9,False,,2010,0,1,0,0,0,0.25,3,False
Satoru Nakajima,Japan,"[1987, 1988, 1989, 1990, 1991]",0,80,74,0,0,0,1,16,False,,1990,0,0.925,0,0,0.0125,0.2,5,False
Shinji Nakano,Japan,"[1997, 1998]",0,33,33,0,0,0,0,2,False,,2000,0,1,0,0,0,0.0606060606060606,2,False
Duke Nalon,United States,"[1951, 1952, 1953]",0,5,3,1,0,0,0,0,False,,1950,0.2,0.6,0,0,0,0,3,False
Alessandro Nannini,Italy,"[1986, 1987, 1988, 1989, 1990]",0,78,76,0,1,9,2,65,False,,1990,0,0.974358974358974,0.0128205128205128,0.115384615384615,0.0256410256410256,0.833333333333333,5,False
Emanuele Naspetti,Italy,"[1992, 1993]",0,6,6,0,0,0,0,0,False,,1990,0,1,0,0,0,0,2,False
Felipe Nasr,Brazil,"[2015, 2016]",0,40,39,0,0,0,0,29,False,,2020,0,0.975,0,0,0,0.725,2,False
Massimo Natili,Italy,[1961],0,2,1,0,0,0,0,0,False,,1960,0,0.5,0,0,0,0,1,False
Brian Naylor,United Kingdom,"[1957, 1958, 1959, 1960, 1961]",0,8,7,0,0,0,0,0,False,,1960,0,0.875,0,0,0,0,5,False
Mike Nazaruk,United States,"[1951, 1953, 1954]",0,4,3,0,0,1,0,8,False,,1950,0,0.75,0,0.25,0,2,3,False
Tiff Needell,United Kingdom,[1980],0,2,1,0,0,0,0,0,False,,1980,0,0.5,0,0,0,0,1,False
Jac Nellemann,Denmark,[1976],0,1,0,0,0,0,0,0,False,,1980,0,0,0,0,0,0,1,False
Patrick Nève,Belgium,"[1976, 1977, 1978]",0,14,10,0,0,0,0,0,False,,1980,0,0.714285714285714,0,0,0,0,3,False
John Nicholson,New Zealand,"[1974, 1975]",0,2,1,0,0,0,0,0,False,,1970,0,0.5,0,0,0,0,2,False
Cal Niday,United States,"[1953, 1954, 1955]",0,3,3,0,0,0,0,0,False,,1950,0,1,0,0,0,0,3,False
Helmut Niedermayr,West Germany,[1952],0,1,1,0,0,0,0,0,False,,1950,0,1,0,0,0,0,1,False
Brausch Niemann,South Africa,"[1963, 1965]",0,2,1,0,0,0,0,0,False,,1960,0,0.5,0,0,0,0,2,False
Gunnar Nilsson,Sweden,"[1976, 1977]",0,32,31,0,1,4,1,31,False,,1980,0,0.96875,0.03125,0.125,0.03125,0.96875,2,False
Hideki Noda,Japan,[1994],0,3,3,0,0,0,0,0,False,,1990,0,1,0,0,0,0,1,False
Lando Norris,United Kingdom,"[2019, 2020, 2021, 2022]",0,83,83,1,0,6,5,428,True,,2020,0.0120481927710843,1,0,0.072289156626506,0.0602409638554217,5.1566265060241,4,False
Rodney Nuckey,United Kingdom,[1953],0,2,1,0,0,0,0,0,False,,1950,0,0.5,0,0,0,0,1,False
Robert O'Brien,United States,[1952],0,1,1,0,0,0,0,0,False,,1950,0,1,0,0,0,0,1,False
Esteban Ocon,France,"[2016, 2017, 2018, 2020, 2021, 2022]",0,112,112,0,1,2,0,364,True,,2020,0,1,0.00892857142857143,0.0178571428571429,0,3.25,6,False
Pat O'Connor,United States,"[1954, 1955, 1956, 1957, 1958]",0,6,5,1,0,0,0,0,False,,1960,0.166666666666667,0.833333333333333,0,0,0,0,5,False
Casimiro de Oliveira,Portugal,[1958],0,1,0,0,0,0,0,0,False,,1960,0,0,0,0,0,0,1,False
Jackie Oliver,United Kingdom,"[1968, 1969, 1970, 1971, 1972, 1973, 1977]",0,52,50,0,0,2,1,13,False,,1970,0,0.961538461538462,0,0.0384615384615385,0.0192307692307692,0.25,7,False
Danny Ongais,United States,"[1977, 1978]",0,6,4,0,0,0,0,0,False,,1980,0,0.666666666666667,0,0,0,0,2,False
Rikky von Opel,Liechtenstein,"[1973, 1974]",0,14,10,0,0,0,0,0,False,,1970,0,0.714285714285714,0,0,0,0,2,False
Karl Oppitzhauser,Austria,[1976],0,1,0,0,0,0,0,0,False,,1980,0,0,0,0,0,0,1,False
Fritz d'Orey,Brazil,[1959],0,3,3,0,0,0,0,0,False,,1960,0,1,0,0,0,0,1,False
Arthur Owen,United Kingdom,[1960],0,1,1,0,0,0,0,0,False,,1960,0,1,0,0,0,0,1,False
Carlos Pace,Brazil,"[1972, 1973, 1974, 1975, 1976, 1977]",0,73,72,1,1,6,5,58,False,,1970,0.0136986301369863,0.986301369863014,0.0136986301369863,0.0821917808219178,0.0684931506849315,0.794520547945205,6,False
Nello Pagani,Italy,[1950],0,1,1,0,0,0,0,0,False,,1950,0,1,0,0,0,0,1,False
Riccardo Paletti,Italy,[1982],0,8,2,0,0,0,0,0,False,,1980,0,0.25,0,0,0,0,1,False
Torsten Palm,Sweden,[1975],0,2,1,0,0,0,0,0,False,,1980,0,0.5,0,0,0,0,1,False
Jolyon Palmer,United Kingdom,"[2016, 2017]",0,37,35,0,0,0,0,9,False,,2020,0,0.945945945945946,0,0,0,0.243243243243243,2,False
Jonathan Palmer,United Kingdom,"[1983, 1984, 1985, 1986, 1987, 1988, 1989]",0,88,83,0,0,0,1,14,False,,1990,0,0.943181818181818,0,0,0.0113636363636364,0.159090909090909,7,False
Olivier Panis,France,"[1994, 1995, 1996, 1997, 1998, 1999, 2001, 2002, 2003, 2004]",0,158,157,0,1,5,0,76,False,,2000,0,0.993670886075949,0.00632911392405063,0.0316455696202532,0,0.481012658227848,10,False
Giorgio Pantano,Italy,[2004],0,15,14,0,0,0,0,0,False,,2000,0,0.933333333333333,0,0,0,0,1,False
Massimiliano Papis,Italy,[1995],0,7,7,0,0,0,0,0,False,,2000,0,1,0,0,0,0,1,False
Mike Parkes,United Kingdom,"[1959, 1966, 1967]",0,7,6,1,0,2,0,14,False,,1960,0.142857142857143,0.857142857142857,0,0.285714285714286,0,2,3,False
Reg Parnell,United Kingdom,"[1950, 1951, 1952, 1954]",0,7,6,0,0,1,0,9,False,,1950,0,0.857142857142857,0,0.142857142857143,0,1.28571428571429,4,False
Tim Parnell,United Kingdom,"[1959, 1961, 1963]",0,4,2,0,0,0,0,0,False,,1960,0,0.5,0,0,0,0,3,False
Johnnie Parsons,United States,"[1950, 1951, 1952, 1953, 1954, 1955, 1956, 1957, 1958]",0,9,9,0,1,1,1,12,False,,1950,0,1,0.111111111111111,0.111111111111111,0.111111111111111,1.33333333333333,9,False
Riccardo Patrese,Italy,"[1977, 1978, 1979, 1980, 1981, 1982, 1983, 1984, 1985, 1986, 1987, 1988, 1989, 1990, 1991, 1992, 1993]",0,257,256,8,6,37,13,281,False,,1980,0.0311284046692607,0.996108949416342,0.0233463035019455,0.143968871595331,0.0505836575875486,1.09338521400778,17,False
Al Pease,Canada,"[1967, 1968, 1969]",0,3,2,0,0,0,0,0,False,,1970,0,0.666666666666667,0,0,0,0,3,False
Roger Penske,United States,"[1961, 1962]",0,2,2,0,0,0,0,0,False,,1960,0,1,0,0,0,0,2,False
Cesare Perdisa,Italy,"[1955, 1956, 1957]",0,8,8,0,0,2,0,5,False,,1960,0,1,0,0.25,0,0.625,3,False
Sergio Pérez,Mexico,"[2011, 2012, 2013, 2014, 2015, 2016, 2017, 2018, 2019, 2020, 2021, 2022]",0,240,236,1,4,27,9,1219,True,,2020,0.00416666666666667,0.983333333333333,0.0166666666666667,0.1125,0.0375,5.07916666666667,12,False
Luis Pérez-Sala,Spain,"[1988, 1989]",0,32,26,0,0,0,0,1,False,,1990,0,0.8125,0,0,0,0.03125,2,False
Larry Perkins,Australia,"[1974, 1976, 1977]",0,15,11,0,0,0,0,0,False,,1980,0,0.733333333333333,0,0,0,0,3,False
Henri Pescarolo,France,"[1968, 1970, 1971, 1972, 1973, 1974, 1976]",0,64,57,0,0,1,1,12,False,,1970,0,0.890625,0,0.015625,0.015625,0.1875,7,False
Alessandro Pesenti-Rossi,Italy,[1976],0,4,3,0,0,0,0,0,False,,1980,0,0.75,0,0,0,0,1,False
Josef Peters,West Germany,[1952],0,1,1,0,0,0,0,0,False,,1950,0,1,0,0,0,0,1,False
Ronnie Peterson,Sweden,"[1970, 1971, 1972, 1973, 1974, 1975, 1976, 1977, 1978]",0,123,123,14,10,26,9,206,False,,1970,0.113821138211382,1,0.0813008130081301,0.211382113821138,0.0731707317073171,1.67479674796748,9,False
Vitaly Petrov,Russia,"[2010, 2011, 2012]",0,58,57,0,0,1,1,64,False,,2010,0,0.982758620689655,0,0.0172413793103448,0.0172413793103448,1.10344827586207,3,False
Alfredo Pián,Argentina,[1950],0,1,0,0,0,0,0,0,False,,1950,0,0,0,0,0,0,1,False
Oscar Piastri,Australia,[2023],0,1,1,0,0,0,0,0,True,,2020,0,1,0,0,0,0,1,False
Charles Pic,France,"[2012, 2013]",0,39,39,0,0,0,0,0,False,,2010,0,1,0,0,0,0,2,False
François Picard,France,[1958],0,1,1,0,0,0,0,0,False,,1960,0,1,0,0,0,0,1,False
Ernie Pieterse,South Africa,"[1962, 1963, 1965]",0,3,2,0,0,0,0,0,False,,1960,0,0.666666666666667,0,0,0,0,3,False
Paul Pietsch,West Germany,"[1950, 1951, 1952]",0,3,3,0,0,0,0,0,False,,1950,0,1,0,0,0,0,3,False
André Pilette,Belgium,"[1951, 1953, 1954, 1956, 1961, 1963, 1964]",0,14,9,0,0,0,0,2,False,,1960,0,0.642857142857143,0,0,0,0.142857142857143,7,False
Teddy Pilette,Belgium,"[1974, 1977]",0,4,1,0,0,0,0,0,False,,1980,0,0.25,0,0,0,0,2,False
Luigi Piotti,Italy,"[1955, 1956, 1957, 1958]",0,8,5,0,0,0,0,0,False,,1960,0,0.625,0,0,0,0,4,False
David Piper,United Kingdom,"[1959, 1960]",0,3,2,0,0,0,0,0,False,,1960,0,0.666666666666667,0,0,0,0,2,False
Nelson Piquet,Brazil,"[1978, 1979, 1980, 1981, 1982, 1983, 1984, 1985, 1986, 1987, 1988, 1989, 1990, 1991]",3,207,204,24,23,60,23,481.5,False,"[1981, 1983, 1987]",1980,0.115942028985507,0.985507246376812,0.111111111111111,0.289855072463768,0.111111111111111,2.32608695652174,14,True
Nelson Piquet Jr.,Brazil,"[2008, 2009]",0,28,28,0,0,1,0,19,False,,2010,0,1,0,0.0357142857142857,0,0.678571428571429,2,False
Renato Pirocchi,Italy,[1961],0,1,1,0,0,0,0,0,False,,1960,0,1,0,0,0,0,1,False
Didier Pironi,France,"[1978, 1979, 1980, 1981, 1982]",0,72,70,4,3,13,5,101,False,,1980,0.0555555555555556,0.972222222222222,0.0416666666666667,0.180555555555556,0.0694444444444445,1.40277777777778,5,False
Emanuele Pirro,Italy,"[1989, 1990, 1991]",0,40,37,0,0,0,0,3,False,,1990,0,0.925,0,0,0,0.075,3,False
Antônio Pizzonia,Brazil,"[2003, 2004, 2005]",0,20,20,0,0,0,0,8,False,,2000,0,1,0,0,0,0.4,3,False
Eric van de Poele,Belgium,"[1991, 1992]",0,29,5,0,0,0,0,0,False,,1990,0,0.172413793103448,0,0,0,0,2,False
Jacques Pollet,France,"[1954, 1955]",0,5,5,0,0,0,0,0,False,,1950,0,1,0,0,0,0,2,False
Ben Pon,Netherlands,[1962],0,1,1,0,0,0,0,0,False,,1960,0,1,0,0,0,0,1,False
Dennis Poore,United Kingdom,[1952],0,2,2,0,0,0,0,3,False,,1950,0,1,0,0,0,1.5,1,False
Alfonso de Portago,Spain,"[1956, 1957]",0,5,5,0,0,1,0,4,False,,1960,0,1,0,0.2,0,0.8,2,False
Sam Posey,United States,"[1971, 1972]",0,2,2,0,0,0,0,0,False,,1970,0,1,0,0,0,0,2,False
Charles Pozzi,France,[1950],0,1,1,0,0,0,0,0,False,,1950,0,1,0,0,0,0,1,False
Jackie Pretorius,South Africa,"[1965, 1968, 1971, 1973]",0,4,3,0,0,0,0,0,False,,1970,0,0.75,0,0,0,0,4,False
Ernesto Prinoth,Italy,[1962],0,1,0,0,0,0,0,0,False,,1960,0,0,0,0,0,0,1,False
David Prophet,United Kingdom,"[1963, 1965]",0,2,2,0,0,0,0,0,False,,1960,0,1,0,0,0,0,2,False
Alain Prost,France,"[1980, 1981, 1982, 1983, 1984, 1985, 1986, 1987, 1988, 1989, 1990, 1991, 1993]",4,202,199,33,51,106,41,768.5,False,"[1985, 1986, 1989, 1993]",1990,0.163366336633663,0.985148514851485,0.252475247524753,0.524752475247525,0.202970297029703,3.80445544554455,13,True
Tom Pryce,United Kingdom,"[1974, 1975, 1976, 1977]",0,42,42,1,0,2,0,19,False,,1980,0.0238095238095238,1,0,0.0476190476190476,0,0.452380952380952,4,False
David Purley,United Kingdom,"[1973, 1974, 1977]",0,11,7,0,0,0,0,0,False,,1970,0,0.636363636363636,0,0,0,0,3,False
Clive Puzey,Rhodesia,[1965],0,1,0,0,0,0,0,0,False,,1960,0,0,0,0,0,0,1,False
Dieter Quester,Austria,"[1969, 1974]",0,2,1,0,0,0,0,0,False,,1970,0,0.5,0,0,0,0,2,False
Ian Raby,United Kingdom,"[1963, 1964, 1965]",0,7,3,0,0,0,0,0,False,,1960,0,0.428571428571429,0,0,0,0,3,False
Bobby Rahal,United States,[1978],0,2,2,0,0,0,0,0,False,,1980,0,1,0,0,0,0,1,False
Kimi Räikkönen,Finland,"[2001, 2002, 2003, 2004, 2005, 2006, 2007, 2008, 2009, 2012, 2013, 2014, 2015, 2016, 2017, 2018, 2019, 2020, 2021]",1,353,349,18,21,103,46,1873,False,[2007],2010,0.0509915014164306,0.988668555240793,0.0594900849858357,0.291784702549575,0.130311614730878,5.30594900849858,19,True
Hermano da Silva Ramos,Brazil,"[1955, 1956]",0,7,7,0,0,0,0,2,False,,1960,0,1,0,0,0,0.285714285714286,2,False
Pierre-Henri Raphanel,France,"[1988, 1989]",0,17,1,0,0,0,0,0,False,,1990,0,0.0588235294117647,0,0,0,0,2,False
Dick Rathmann,United States,"[1950, 1956, 1958, 1959, 1960]",0,6,5,1,0,0,0,2,False,,1960,0.166666666666667,0.833333333333333,0,0,0,0.333333333333333,5,False
Jim Rathmann,United States,"[1950, 1952, 1953, 1954, 1955, 1956, 1957, 1958, 1959, 1960]",0,10,10,0,1,4,2,29,False,,1960,0,1,0.1,0.4,0.2,2.9,10,False
Roland Ratzenberger,Austria,[1994],0,3,1,0,0,0,0,0,False,,1990,0,0.333333333333333,0,0,0,0,1,False
Héctor Rebaque,Mexico,"[1977, 1978, 1979, 1980, 1981]",0,58,41,0,0,0,0,13,False,,1980,0,0.706896551724138,0,0,0,0.224137931034483,5,False
Brian Redman,United Kingdom,"[1968, 1970, 1971, 1972, 1973, 1974]",0,15,12,0,0,1,0,8,False,,1970,0,0.8,0,0.0666666666666667,0,0.533333333333333,6,False
Jimmy Reece,United States,"[1952, 1954, 1955, 1956, 1957, 1958]",0,6,6,0,0,0,0,0,False,,1960,0,1,0,0,0,0,6,False
Ray Reed,Rhodesia,[1965],0,1,0,0,0,0,0,0,False,,1960,0,0,0,0,0,0,1,False
Alan Rees,United Kingdom,[1967],0,1,1,0,0,0,0,0,False,,1970,0,1,0,0,0,0,1,False
Clay Regazzoni,Switzerland,"[1970, 1971, 1972, 1973, 1974, 1975, 1976, 1977, 1978, 1979, 1980]",0,139,132,5,5,28,15,209,False,,1980,0.0359712230215827,0.949640287769784,0.0359712230215827,0.201438848920863,0.107913669064748,1.50359712230216,11,False
Paul di Resta,United Kingdom,"[2011, 2012, 2013, 2017]",0,59,59,0,0,0,0,121,False,,2010,0,1,0,0,0,2.05084745762712,4,False
Carlos Reutemann,Argentina,"[1972, 1973, 1974, 1975, 1976, 1977, 1978, 1979, 1980, 1981, 1982]",0,146,146,6,12,45,6,298,False,,1980,0.0410958904109589,1,0.0821917808219178,0.308219178082192,0.0410958904109589,2.04109589041096,11,False
Lance Reventlow,United States,[1960],0,4,1,0,0,0,0,0,False,,1960,0,0.25,0,0,0,0,1,False
Peter Revson,United States,"[1964, 1971, 1972, 1973, 1974]",0,32,30,1,2,8,0,61,False,,1970,0.03125,0.9375,0.0625,0.25,0,1.90625,5,False
John Rhodes,United Kingdom,[1965],0,1,1,0,0,0,0,0,False,,1960,0,1,0,0,0,0,1,False
Alex Ribeiro,Brazil,"[1976, 1977, 1979]",0,20,10,0,0,0,0,0,False,,1980,0,0.5,0,0,0,0,3,False
Daniel Ricciardo,Australia,"[2011, 2012, 2013, 2014, 2015, 2016, 2017, 2018, 2019, 2020, 2021, 2022]",0,232,232,3,8,32,16,1311,False,,2020,0.0129310344827586,1,0.0344827586206897,0.137931034482759,0.0689655172413793,5.65086206896552,12,False
Ken Richardson,United Kingdom,[1951],0,1,0,0,0,0,0,0,False,,1950,0,0,0,0,0,0,1,False
Fritz Riess,West Germany,[1952],0,1,1,0,0,0,0,0,False,,1950,0,1,0,0,0,0,1,False
Jim Rigsby,United States,[1952],0,2,1,0,0,0,0,0,False,,1950,0,0.5,0,0,0,0,1,False
Jochen Rindt,Austria,"[1964, 1965, 1966, 1967, 1968, 1969, 1970]",1,62,60,10,6,13,3,107,False,[1970],1970,0.161290322580645,0.967741935483871,0.0967741935483871,0.209677419354839,0.0483870967741936,1.7258064516129,7,True
John Riseley-Prichard,United Kingdom,[1954],0,1,1,0,0,0,0,0,False,,1950,0,1,0,0,0,0,1,False
Giovanni de Riu,Italy,[1954],0,1,0,0,0,0,0,0,False,,1950,0,0,0,0,0,0,1,False
Richard Robarts,United Kingdom,[1974],0,4,3,0,0,0,0,0,False,,1970,0,0.75,0,0,0,0,1,False
Pedro Rodríguez,Mexico,"[1963, 1964, 1965, 1966, 1967, 1968, 1969, 1970, 1971]",0,54,54,0,2,7,1,71,False,,1970,0,1,0.037037037037037,0.12962962962963,0.0185185185185185,1.31481481481481,9,False
Ricardo Rodríguez,Mexico,"[1961, 1962]",0,6,5,0,0,0,0,4,False,,1960,0,0.833333333333333,0,0,0,0.666666666666667,2,False
Alberto Rodriguez Larreta,Argentina,[1960],0,1,1,0,0,0,0,0,False,,1960,0,1,0,0,0,0,1,False
Franco Rol,Italy,"[1950, 1951, 1952]",0,5,5,0,0,0,0,0,False,,1950,0,1,0,0,0,0,3,False
Alan Rollinson,United Kingdom,[1965],0,1,0,0,0,0,0,0,False,,1960,0,0,0,0,0,0,1,False
Tony Rolt,United Kingdom,"[1950, 1953, 1955]",0,3,3,0,0,0,0,0,False,,1950,0,1,0,0,0,0,3,False
Bertil Roos,Sweden,[1974],0,1,1,0,0,0,0,0,False,,1970,0,1,0,0,0,0,1,False
Pedro de la Rosa,Spain,"[1999, 2000, 2001, 2002, 2005, 2006, 2010, 2011, 2012]",0,107,104,0,0,1,1,35,False,,2010,0,0.97196261682243,0,0.00934579439252336,0.00934579439252336,0.327102803738318,9,False
Keke Rosberg,Finland,"[1978, 1979, 1980, 1981, 1982, 1983, 1984, 1985, 1986]",1,128,114,5,5,17,3,159.5,False,[1982],1980,0.0390625,0.890625,0.0390625,0.1328125,0.0234375,1.24609375,9,True
Nico Rosberg,Germany,"[2006, 2007, 2008, 2009, 2010, 2011, 2012, 2013, 2014, 2015, 2016]",1,206,206,30,23,57,20,1594.5,False,[2016],2010,0.145631067961165,1,0.111650485436893,0.276699029126214,0.0970873786407767,7.74029126213592,11,True
Mauri Rose,United States,"[1950, 1951]",0,2,2,0,0,1,0,4,False,,1950,0,1,0,0.5,0,2,2,False
Louis Rosier,France,"[1950, 1951, 1952, 1953, 1954, 1955, 1956]",0,38,38,0,0,2,0,18,False,,1950,0,1,0,0.0526315789473684,0,0.473684210526316,7,False
Ricardo Rosset,Brazil,"[1996, 1997, 1998]",0,33,26,0,0,0,0,0,False,,2000,0,0.787878787878788,0,0,0,0,3,False
Alexander Rossi,United States,[2015],0,7,5,0,0,0,0,0,False,,2020,0,0.714285714285714,0,0,0,0,1,False
Huub Rothengatter,Netherlands,"[1984, 1985, 1986]",0,30,25,0,0,0,0,0,False,,1980,0,0.833333333333333,0,0,0,0,3,False
Basil van Rooyen,South Africa,"[1968, 1969]",0,2,2,0,0,0,0,0,False,,1970,0,1,0,0,0,0,2,False
Lloyd Ruby,United States,"[1960, 1961]",0,2,2,0,0,0,0,0,False,,1960,0,1,0,0,0,0,2,False
Jean-Claude Rudaz,Switzerland,[1964],0,1,0,0,0,0,0,0,False,,1960,0,0,0,0,0,0,1,False
George Russell,United Kingdom,"[2019, 2020, 2021, 2022]",0,83,83,1,1,9,5,300,True,,2020,0.0120481927710843,1,0.0120481927710843,0.108433734939759,0.0602409638554217,3.6144578313253,4,False
Eddie Russo,United States,"[1955, 1956, 1957, 1960]",0,7,4,0,0,0,0,0,False,,1960,0,0.571428571428571,0,0,0,0,4,False
Paul Russo,United States,"[1950, 1951, 1952, 1953, 1954, 1955, 1956, 1957, 1958, 1959, 1960]",0,11,8,0,0,1,1,8.5,False,,1960,0,0.727272727272727,0,0.0909090909090909,0.0909090909090909,0.772727272727273,11,False
Troy Ruttman,United States,"[1950, 1951, 1952, 1953, 1954, 1955, 1956, 1957, 1958, 1960]",0,12,8,0,1,1,0,9.5,False,,1950,0,0.666666666666667,0.0833333333333333,0.0833333333333333,0,0.791666666666667,10,False
Peter Ryan,Canada,[1961],0,1,1,0,0,0,0,0,False,,1960,0,1,0,0,0,0,1,False
Eddie Sachs,United States,"[1957, 1958, 1959, 1960]",0,7,4,1,0,0,0,0,False,,1960,0.142857142857143,0.571428571428571,0,0,0,0,4,False
Bob Said,United States,[1959],0,1,1,0,0,0,0,0,False,,1960,0,1,0,0,0,0,1,False
Carlos Sainz Jr.,Spain,"[2015, 2016, 2017, 2018, 2019, 2020, 2021, 2022]",0,164,163,3,1,15,3,794.5,True,,2020,0.0182926829268293,0.99390243902439,0.00609756097560976,0.0914634146341463,0.0182926829268293,4.84451219512195,8,False
Eliseo Salazar,Chile,"[1981, 1982, 1983]",0,37,24,0,0,0,0,3,False,,1980,0,0.648648648648649,0,0,0,0.0810810810810811,3,False
Mika Salo,Finland,"[1994, 1995, 1996, 1997, 1998, 1999, 2000, 2002]",0,111,109,0,0,2,0,33,False,,2000,0,0.981981981981982,0,0.018018018018018,0,0.297297297297297,8,False
Roy Salvadori,United Kingdom,"[1952, 1953, 1954, 1955, 1956, 1957, 1958, 1959, 1960, 1961, 1962]",0,50,47,0,0,2,0,19,False,,1960,0,0.94,0,0.04,0,0.38,11,False
Consalvo Sanesi,Italy,"[1950, 1951]",0,5,5,0,0,0,0,3,False,,1950,0,1,0,0,0,0.6,2,False
Stéphane Sarrazin,France,[1999],0,1,1,0,0,0,0,0,False,,2000,0,1,0,0,0,0,1,False
Logan Sargeant,United States,[2023],0,1,1,0,0,0,0,0,True,,2020,0,1,0,0,0,0,1,False
Takuma Sato,Japan,"[2002, 2003, 2004, 2005, 2006, 2007, 2008]",0,92,90,0,0,1,0,44,False,,2000,0,0.978260869565217,0,0.0108695652173913,0,0.478260869565217,7,False
Carl Scarborough,United States,"[1951, 1953]",0,2,2,0,0,0,0,0,False,,1950,0,1,0,0,0,0,2,False
Ludovico Scarfiotti,Italy,"[1963, 1964, 1965, 1966, 1967, 1968]",0,12,10,0,1,1,1,17,False,,1970,0,0.833333333333333,0.0833333333333333,0.0833333333333333,0.0833333333333333,1.41666666666667,6,False
Giorgio Scarlatti,Italy,"[1956, 1957, 1958, 1959, 1960, 1961]",0,15,12,0,0,0,0,1,False,,1960,0,0.8,0,0,0,0.0666666666666667,6,False
Ian Scheckter,South Africa,"[1974, 1975, 1976, 1977]",0,20,18,0,0,0,0,0,False,,1980,0,0.9,0,0,0,0,4,False
Jody Scheckter,South Africa,"[1972, 1973, 1974, 1975, 1976, 1977, 1978, 1979, 1980]",1,113,112,3,10,33,5,246,False,[1979],1980,0.0265486725663717,0.991150442477876,0.0884955752212389,0.292035398230089,0.0442477876106195,2.17699115044248,9,True
Harry Schell,United States,"[1950, 1951, 1952, 1953, 1954, 1955, 1956, 1957, 1958, 1959, 1960]",0,57,56,0,0,2,0,32,False,,1960,0,0.982456140350877,0,0.0350877192982456,0,0.56140350877193,11,False
Tim Schenken,Australia,"[1970, 1971, 1972, 1973, 1974]",0,36,34,0,0,1,0,7,False,,1970,0,0.944444444444444,0,0.0277777777777778,0,0.194444444444444,5,False
Albert Scherrer,Switzerland,[1953],0,1,1,0,0,0,0,0,False,,1950,0,1,0,0,0,0,1,False
Domenico Schiattarella,Italy,"[1994, 1995]",0,7,6,0,0,0,0,0,False,,1990,0,0.857142857142857,0,0,0,0,2,False
Heinz Schiller,Switzerland,[1962],0,1,1,0,0,0,0,0,False,,1960,0,1,0,0,0,0,1,False
Bill Schindler,United States,"[1950, 1951, 1952]",0,3,3,0,0,0,0,0,False,,1950,0,1,0,0,0,0,3,False
Jean-Louis Schlesser,France,"[1983, 1988]",0,2,1,0,0,0,0,0,False,,1990,0,0.5,0,0,0,0,2,False
Jo Schlesser,France,[1968],0,3,3,0,0,0,0,0,False,,1970,0,1,0,0,0,0,1,False
Bernd Schneider,West Germany,"[1988, 1989, 1990]",0,34,9,0,0,0,0,0,False,,1990,0,0.264705882352941,0,0,0,0,3,False
Rudolf Schoeller,Switzerland,[1952],0,1,1,0,0,0,0,0,False,,1950,0,1,0,0,0,0,1,False
Rob Schroeder,United States,[1962],0,1,1,0,0,0,0,0,False,,1960,0,1,0,0,0,0,1,False
Michael Schumacher,Germany,"[1991, 1992, 1993, 1994, 1995, 1996, 1997, 1998, 1999, 2000, 2001, 2002, 2003, 2004, 2005, 2006, 2010, 2011, 2012]",7,308,306,68,91,155,77,1566,False,"[1994, 1995, 2000, 2001, 2002, 2003, 2004]",2000,0.220779220779221,0.993506493506494,0.295454545454545,0.503246753246753,0.25,5.08441558441558,19,True
Mick Schumacher,Germany,"[2021, 2022]",0,44,43,0,0,0,0,12,False,,2020,0,0.977272727272727,0,0,0,0.272727272727273,2,False
Ralf Schumacher,Germany,"[1997, 1998, 1999, 2000, 2001, 2002, 2003, 2004, 2005, 2006, 2007]",0,181,180,6,6,27,8,329,False,,2000,0.0331491712707182,0.994475138121547,0.0331491712707182,0.149171270718232,0.0441988950276243,1.81767955801105,11,False
Vern Schuppan,Australia,"[1972, 1974, 1975, 1977]",0,13,9,0,0,0,0,0,False,,1970,0,0.692307692307692,0,0,0,0,4,False
Adolfo Schwelm Cruz,Argentina,[1953],0,1,1,0,0,0,0,0,False,,1950,0,1,0,0,0,0,1,False
Bob Scott,United States,"[1952, 1953, 1954]",0,3,3,0,0,0,0,0,False,,1950,0,1,0,0,0,0,3,False
Archie Scott Brown,United Kingdom,[1956],0,1,1,0,0,0,0,0,False,,1960,0,1,0,0,0,0,1,False
Piero Scotti,Italy,[1956],0,1,1,0,0,0,0,0,False,,1960,0,1,0,0,0,0,1,False
Wolfgang Seidel,West Germany,"[1953, 1958, 1960, 1961, 1962]",0,12,10,0,0,0,0,0,False,,1960,0,0.833333333333333,0,0,0,0,5,False
Günther Seiffert,West Germany,[1962],0,1,0,0,0,0,0,0,False,,1960,0,0,0,0,0,0,1,False
Ayrton Senna,Brazil,"[1984, 1985, 1986, 1987, 1988, 1989, 1990, 1991, 1992, 1993, 1994]",3,162,161,65,41,80,19,610,False,"[1988, 1990, 1991]",1990,0.401234567901235,0.993827160493827,0.253086419753086,0.493827160493827,0.117283950617284,3.76543209876543,11,True
Bruno Senna,Brazil,"[2010, 2011, 2012]",0,46,46,0,0,0,1,33,False,,2010,0,1,0,0,0.0217391304347826,0.717391304347826,3,False
Dorino Serafini,Italy,[1950],0,1,1,0,0,1,0,3,False,,1950,0,1,0,1,0,3,1,False
Chico Serra,Brazil,"[1981, 1982, 1983]",0,33,18,0,0,0,0,1,False,,1980,0,0.545454545454545,0,0,0,0.0303030303030303,3,False
Doug Serrurier,South Africa,"[1962, 1963, 1965]",0,3,2,0,0,0,0,0,False,,1960,0,0.666666666666667,0,0,0,0,3,False
Johnny Servoz-Gavin,France,"[1967, 1968, 1969, 1970]",0,13,12,0,0,1,0,9,False,,1970,0,0.923076923076923,0,0.0769230769230769,0,0.692307692307692,4,False
Tony Settember,United States,"[1962, 1963]",0,7,6,0,0,0,0,0,False,,1960,0,0.857142857142857,0,0,0,0,2,False
Hap Sharp,United States,"[1961, 1962, 1963, 1964]",0,6,6,0,0,0,0,0,False,,1960,0,1,0,0,0,0,4,False
Brian Shawe-Taylor,United Kingdom,"[1950, 1951]",0,3,2,0,0,0,0,0,False,,1950,0,0.666666666666667,0,0,0,0,2,False
Carroll Shelby,United States,"[1958, 1959]",0,8,8,0,0,0,0,0,False,,1960,0,1,0,0,0,0,2,False
Tony Shelly,New Zealand,[1962],0,3,1,0,0,0,0,0,False,,1960,0,0.333333333333333,0,0,0,0,1,False
Jo Siffert,Switzerland,"[1962, 1963, 1964, 1965, 1966, 1967, 1968, 1969, 1970, 1971]",0,100,96,2,2,6,4,68,False,,1970,0.02,0.96,0.02,0.06,0.04,0.68,10,False
André Simon,France,"[1951, 1952, 1955, 1956, 1957]",0,12,11,0,0,0,0,0,False,,1950,0,0.916666666666667,0,0,0,0,5,False
Sergey Sirotkin,Russia,[2018],0,21,21,0,0,0,0,1,False,,2020,0,1,0,0,0,0.0476190476190476,1,False
Rob Slotemaker,Netherlands,[1962],0,1,0,0,0,0,0,0,False,,1960,0,0,0,0,0,0,1,False
Moisés Solana,Mexico,"[1963, 1964, 1965, 1966, 1967, 1968]",0,8,8,0,0,0,0,0,False,,1970,0,1,0,0,0,0,6,False
Alex Soler-Roig,Spain,"[1970, 1971, 1972]",0,10,6,0,0,0,0,0,False,,1970,0,0.6,0,0,0,0,3,False
Raymond Sommer,France,[1950],0,5,5,0,0,0,0,3,False,,1950,0,1,0,0,0,0.6,1,False
Vincenzo Sospiri,Italy,[1997],0,1,0,0,0,0,0,0,False,,2000,0,0,0,0,0,0,1,False
Stephen South,United Kingdom,[1980],0,1,0,0,0,0,0,0,False,,1980,0,0,0,0,0,0,1,False
Mike Sparken,France,[1955],0,1,1,0,0,0,0,0,False,,1960,0,1,0,0,0,0,1,False
Scott Speed,United States,"[2006, 2007]",0,28,28,0,0,0,0,0,False,,2010,0,1,0,0,0,0,2,False
Mike Spence,United Kingdom,"[1963, 1964, 1965, 1966, 1967, 1968]",0,37,36,0,0,1,0,27,False,,1970,0,0.972972972972973,0,0.027027027027027,0,0.72972972972973,6,False
Alan Stacey,United Kingdom,"[1958, 1959, 1960]",0,7,7,0,0,0,0,0,False,,1960,0,1,0,0,0,0,3,False
Gaetano Starrabba,Italy,[1961],0,1,1,0,0,0,0,0,False,,1960,0,1,0,0,0,0,1,False
Will Stevens,United Kingdom,"[2014, 2015]",0,20,18,0,0,0,0,0,False,,2010,0,0.9,0,0,0,0,2,False
Chuck Stevenson,United States,"[1951, 1952, 1953, 1954, 1960]",0,5,5,0,0,0,0,0,False,,1950,0,1,0,0,0,0,5,False
Ian Stewart,United Kingdom,[1953],0,1,1,0,0,0,0,0,False,,1950,0,1,0,0,0,0,1,False
Jackie Stewart,United Kingdom,"[1965, 1966, 1967, 1968, 1969, 1970, 1971, 1972, 1973]",3,100,99,17,27,43,15,359,False,"[1969, 1971, 1973]",1970,0.17,0.99,0.27,0.43,0.15,3.59,9,True
Jimmy Stewart,United Kingdom,[1953],0,1,1,0,0,0,0,0,False,,1950,0,1,0,0,0,0,1,False
Siegfried Stohr,Italy,[1981],0,13,9,0,0,0,0,0,False,,1980,0,0.692307692307692,0,0,0,0,1,False
Rolf Stommelen,West Germany,"[1970, 1971, 1972, 1973, 1974, 1975, 1976, 1978]",0,63,54,0,0,1,0,14,False,,1970,0,0.857142857142857,0,0.0158730158730159,0,0.222222222222222,8,False
Philippe Streiff,France,"[1984, 1985, 1986, 1987, 1988]",0,54,53,0,0,1,0,11,False,,1990,0,0.981481481481482,0,0.0185185185185185,0,0.203703703703704,5,False
Lance Stroll,Canada,"[2017, 2018, 2019, 2020, 2021, 2022]",0,124,123,1,0,3,0,202,True,,2020,0.00806451612903226,0.991935483870968,0,0.0241935483870968,0,1.62903225806452,6,False
Hans Stuck,West Germany,"[1951, 1952, 1953]",0,5,3,0,0,0,0,0,False,,1950,0,0.6,0,0,0,0,3,False
Hans-Joachim Stuck,West Germany,"[1974, 1975, 1976, 1977, 1978, 1979]",0,81,74,0,0,2,0,29,False,,1980,0,0.91358024691358,0,0.0246913580246914,0,0.358024691358025,6,False
Otto Stuppacher,Austria,[1976],0,3,0,0,0,0,0,0,False,,1980,0,0,0,0,0,0,1,False
Danny Sullivan,United States,[1983],0,15,15,0,0,0,0,2,False,,1980,0,1,0,0,0,0.133333333333333,1,False
Marc Surer,Switzerland,"[1979, 1980, 1981, 1982, 1983, 1984, 1985, 1986]",0,88,82,0,0,0,1,17,False,,1980,0,0.931818181818182,0,0,0.0113636363636364,0.193181818181818,8,False
John Surtees,United Kingdom,"[1960, 1961, 1962, 1963, 1964, 1965, 1966, 1967, 1968, 1969, 1970, 1971, 1972]",1,113,111,8,6,24,10,180,False,[1964],1970,0.0707964601769912,0.982300884955752,0.0530973451327434,0.212389380530973,0.0884955752212389,1.5929203539823,13,True
Andy Sutcliffe,United Kingdom,[1977],0,1,0,0,0,0,0,0,False,,1980,0,0,0,0,0,0,1,False
Adrian Sutil,Germany,"[2007, 2008, 2009, 2010, 2011, 2013, 2014]",0,128,128,0,0,0,1,124,False,,2010,0,1,0,0,0.0078125,0.96875,7,False
Len Sutton,United States,"[1958, 1959, 1960]",0,4,3,0,0,0,0,0,False,,1960,0,0.75,0,0,0,0,3,False
Aguri Suzuki,Japan,"[1988, 1989, 1990, 1991, 1992, 1993, 1994, 1995]",0,88,65,0,0,1,0,8,False,,1990,0,0.738636363636364,0,0.0113636363636364,0,0.0909090909090909,8,False
Toshio Suzuki,Japan,[1993],0,2,2,0,0,0,0,0,False,,1990,0,1,0,0,0,0,1,False
Jacques Swaters,Belgium,"[1951, 1953, 1954]",0,8,7,0,0,0,0,0,False,,1950,0,0.875,0,0,0,0,3,False
Bob Sweikert,United States,"[1952, 1953, 1954, 1955, 1956]",0,7,5,0,1,1,0,8,False,,1950,0,0.714285714285714,0.142857142857143,0.142857142857143,0,1.14285714285714,5,False
Toranosuke Takagi,Japan,"[1998, 1999]",0,32,32,0,0,0,0,0,False,,2000,0,1,0,0,0,0,2,False
Noritake Takahara,Japan,"[1976, 1977]",0,2,2,0,0,0,0,0,False,,1980,0,1,0,0,0,0,2,False
Kunimitsu Takahashi,Japan,[1977],0,1,1,0,0,0,0,0,False,,1980,0,1,0,0,0,0,1,False
Patrick Tambay,France,"[1977, 1978, 1979, 1981, 1982, 1983, 1984, 1985, 1986]",0,123,114,5,2,11,2,103,False,,1980,0.040650406504065,0.926829268292683,0.016260162601626,0.0894308943089431,0.016260162601626,0.83739837398374,9,False
Luigi Taramazzo,Italy,[1958],0,1,0,0,0,0,0,0,False,,1960,0,0,0,0,0,0,1,False
Gabriele Tarquini,Italy,"[1987, 1988, 1989, 1990, 1991, 1992, 1995]",0,79,38,0,0,0,0,1,False,,1990,0,0.481012658227848,0,0,0,0.0126582278481013,7,False
Piero Taruffi,Italy,"[1950, 1951, 1952, 1954, 1955, 1956]",0,19,18,0,1,5,1,41,False,,1950,0,0.947368421052632,0.0526315789473684,0.263157894736842,0.0526315789473684,2.15789473684211,6,False
Dennis Taylor,United Kingdom,[1959],0,1,0,0,0,0,0,0,False,,1960,0,0,0,0,0,0,1,False
Henry Taylor,United Kingdom,"[1959, 1960, 1961]",0,11,8,0,0,0,0,3,False,,1960,0,0.727272727272727,0,0,0,0.272727272727273,3,False
John Taylor,United Kingdom,"[1964, 1966]",0,5,5,0,0,0,0,1,False,,1960,0,1,0,0,0,0.2,2,False
Mike Taylor,United Kingdom,"[1959, 1960]",0,2,1,0,0,0,0,0,False,,1960,0,0.5,0,0,0,0,2,False
Trevor Taylor,United Kingdom,"[1959, 1961, 1962, 1963, 1964, 1966]",0,29,27,0,0,1,0,8,False,,1960,0,0.931034482758621,0,0.0344827586206897,0,0.275862068965517,6,False
Marshall Teague,United States,"[1953, 1954, 1957]",0,5,3,0,0,0,0,0,False,,1950,0,0.6,0,0,0,0,3,False
Shorty Templeman,United States,"[1955, 1958, 1960]",0,5,3,0,0,0,0,0,False,,1960,0,0.6,0,0,0,0,3,False
Max de Terra,Switzerland,"[1952, 1953]",0,2,2,0,0,0,0,0,False,,1950,0,1,0,0,0,0,2,False
André Testut,Monaco,"[1958, 1959]",0,2,0,0,0,0,0,0,False,,1960,0,0,0,0,0,0,2,False
Mike Thackwell,New Zealand,"[1980, 1984]",0,5,2,0,0,0,0,0,False,,1980,0,0.4,0,0,0,0,2,False
Alfonso Thiele,United States,[1960],0,1,1,0,0,0,0,0,False,,1960,0,1,0,0,0,0,1,False
Eric Thompson,United Kingdom,[1952],0,1,1,0,0,0,0,2,False,,1950,0,1,0,0,0,2,1,False
Johnny Thomson,United States,"[1953, 1954, 1955, 1956, 1957, 1958, 1959, 1960]",0,8,8,1,0,1,1,10,False,,1960,0.125,1,0,0.125,0.125,1.25,8,False
Leslie Thorne,United Kingdom,[1954],0,1,1,0,0,0,0,0,False,,1950,0,1,0,0,0,0,1,False
Bud Tingelstad,United States,[1960],0,1,1,0,0,0,0,0,False,,1960,0,1,0,0,0,0,1,False
Sam Tingle,Rhodesia,"[1963, 1965, 1967, 1968, 1969]",0,5,5,0,0,0,0,0,False,,1970,0,1,0,0,0,0,5,False
Desmond Titterington,United Kingdom,[1956],0,1,1,0,0,0,0,0,False,,1960,0,1,0,0,0,0,1,False
Johnnie Tolan,United States,"[1956, 1957, 1958]",0,7,3,0,0,0,0,0,False,,1960,0,0.428571428571429,0,0,0,0,3,False
Alejandro de Tomaso,Argentina,"[1957, 1959]",0,2,2,0,0,0,0,0,False,,1960,0,1,0,0,0,0,2,False
Charles de Tornaco,Belgium,"[1952, 1953]",0,4,2,0,0,0,0,0,False,,1950,0,0.5,0,0,0,0,2,False
Tony Trimmer,United Kingdom,"[1975, 1976, 1977, 1978]",0,6,0,0,0,0,0,0,False,,1980,0,0,0,0,0,0,4,False
Maurice Trintignant,France,"[1950, 1951, 1952, 1953, 1954, 1955, 1956, 1957, 1958, 1959, 1960, 1961, 1962, 1963, 1964]",0,84,82,0,2,10,1,72.33,False,,1960,0,0.976190476190476,0.0238095238095238,0.119047619047619,0.0119047619047619,0.861071428571429,15,False
Wolfgang von Trips,West Germany,"[1956, 1957, 1958, 1959, 1960, 1961]",0,29,27,1,2,6,0,56,False,,1960,0.0344827586206897,0.931034482758621,0.0689655172413793,0.206896551724138,0,1.93103448275862,6,False
Jarno Trulli,Italy,"[1997, 1998, 1999, 2000, 2001, 2002, 2003, 2004, 2005, 2006, 2007, 2008, 2009, 2010, 2011]",0,256,252,4,1,11,1,246.5,False,,2000,0.015625,0.984375,0.00390625,0.04296875,0.00390625,0.962890625,15,False
Yuki Tsunoda,Japan,"[2021, 2022]",0,45,43,0,0,0,0,44,True,,2020,0,0.955555555555556,0,0,0,0.977777777777778,2,False
Esteban Tuero,Argentina,[1998],0,16,16,0,0,0,0,0,False,,2000,0,1,0,0,0,0,1,False
Guy Tunmer,South Africa,[1975],0,1,1,0,0,0,0,0,False,,1980,0,1,0,0,0,0,1,False
Jack Turner,United States,"[1956, 1957, 1958, 1959]",0,5,4,0,0,0,0,0,False,,1960,0,0.8,0,0,0,0,4,False
Toni Ulmen,West Germany,[1952],0,2,2,0,0,0,0,0,False,,1950,0,1,0,0,0,0,1,False
Bobby Unser,United States,[1968],0,2,1,0,0,0,0,0,False,,1970,0,0.5,0,0,0,0,1,False
Jerry Unser Jr.,United States,[1958],0,1,1,0,0,0,0,0,False,,1960,0,1,0,0,0,0,1,False
Alberto Uria,Uruguay,"[1955, 1956]",0,2,2,0,0,0,0,0,False,,1960,0,1,0,0,0,0,2,False
Nino Vaccarella,Italy,"[1961, 1962, 1965]",0,5,4,0,0,0,0,0,False,,1960,0,0.8,0,0,0,0,3,False
Stoffel Vandoorne,Belgium,"[2016, 2017, 2018]",0,42,41,0,0,0,0,26,False,,2020,0,0.976190476190476,0,0,0,0.619047619047619,3,False
Bob Veith,United States,"[1956, 1957, 1958, 1959, 1960]",0,5,5,0,0,0,0,0,False,,1960,0,1,0,0,0,0,5,False
Jean-Éric Vergne,France,"[2012, 2013, 2014]",0,58,58,0,0,0,0,51,False,,2010,0,1,0,0,0,0.879310344827586,3,False
Jos Verstappen,Netherlands,"[1994, 1995, 1996, 1997, 1998, 2000, 2001, 2003]",0,107,106,0,0,2,0,17,False,,2000,0,0.990654205607477,0,0.0186915887850467,0,0.158878504672897,8,False
Max Verstappen,Netherlands,"[2015, 2016, 2017, 2018, 2019, 2020, 2021, 2022]",2,164,164,21,36,78,21,2036.5,True,"[2021, 2022]",2020,0.128048780487805,1,0.219512195121951,0.475609756097561,0.128048780487805,12.4176829268293,8,True
Sebastian Vettel,Germany,"[2007, 2008, 2009, 2010, 2011, 2012, 2013, 2014, 2015, 2016, 2017, 2018, 2019, 2020, 2021, 2022]",4,300,299,57,53,122,38,3098,False,"[2010, 2011, 2012, 2013]",2010,0.19,0.996666666666667,0.176666666666667,0.406666666666667,0.126666666666667,10.3266666666667,16,True
Gilles Villeneuve,Canada,"[1977, 1978, 1979, 1980, 1981, 1982]",0,68,67,2,6,13,8,101,False,,1980,0.0294117647058824,0.985294117647059,0.0882352941176471,0.191176470588235,0.117647058823529,1.48529411764706,6,False
Jacques Villeneuve,Canada,"[1996, 1997, 1998, 1999, 2000, 2001, 2002, 2003, 2004, 2005, 2006]",1,165,163,13,11,23,9,235,False,[1997],2000,0.0787878787878788,0.987878787878788,0.0666666666666667,0.139393939393939,0.0545454545454545,1.42424242424242,11,True
Jacques Villeneuve Sr.,Canada,"[1981, 1983]",0,3,0,0,0,0,0,0,False,,1980,0,0,0,0,0,0,2,False
Luigi Villoresi,Italy,"[1950, 1951, 1952, 1953, 1954, 1955, 1956]",0,34,31,0,0,8,1,46,False,,1950,0,0.911764705882353,0,0.235294117647059,0.0294117647058824,1.35294117647059,7,False
Emilio de Villota,Spain,"[1976, 1977, 1978, 1981, 1982]",0,15,2,0,0,0,0,0,False,,1980,0,0.133333333333333,0,0,0,0,5,False
Ottorino Volonterio,Switzerland,"[1954, 1956, 1957]",0,3,3,0,0,0,0,0,False,,1960,0,1,0,0,0,0,3,False
Jo Vonlanthen,Switzerland,[1975],0,1,1,0,0,0,0,0,False,,1980,0,1,0,0,0,0,1,False
Ernie de Vos,Canada,[1963],0,1,0,0,0,0,0,0,False,,1960,0,0,0,0,0,0,1,False
Nyck de Vries,Netherlands,[2022],0,2,2,0,0,0,0,2,True,,2020,0,1,0,0,0,1,1,False
Bill Vukovich,United States,"[1951, 1952, 1953, 1954, 1955]",0,6,5,1,2,2,3,19,False,,1950,0.166666666666667,0.833333333333333,0.333333333333333,0.333333333333333,0.5,3.16666666666667,5,False
Syd van der Vyver,South Africa,[1962],0,1,0,0,0,0,0,0,False,,1960,0,0,0,0,0,0,1,False
Fred Wacker,United States,"[1953, 1954]",0,5,3,0,0,0,0,0,False,,1950,0,0.6,0,0,0,0,2,False
David Walker,Australia,"[1971, 1972]",0,11,11,0,0,0,0,0,False,,1970,0,1,0,0,0,0,2,False
Peter Walker,United Kingdom,"[1950, 1951, 1955]",0,4,4,0,0,0,0,0,False,,1950,0,1,0,0,0,0,3,False
Lee Wallard,United States,"[1950, 1951]",0,3,2,0,1,1,1,9,False,,1950,0,0.666666666666667,0.333333333333333,0.333333333333333,0.333333333333333,3,2,False
Heini Walter,Switzerland,[1962],0,1,1,0,0,0,0,0,False,,1960,0,1,0,0,0,0,1,False
Rodger Ward,United States,"[1951, 1952, 1953, 1954, 1955, 1956, 1957, 1958, 1959, 1960, 1963]",0,12,12,0,1,2,0,14,False,,1960,0,1,0.0833333333333333,0.166666666666667,0,1.16666666666667,11,False
Derek Warwick,United Kingdom,"[1981, 1982, 1983, 1984, 1985, 1986, 1987, 1988, 1989, 1990, 1993]",0,162,147,0,0,4,2,71,False,,1990,0,0.907407407407407,0,0.0246913580246914,0.0123456790123457,0.438271604938272,11,False
John Watson,United Kingdom,"[1973, 1974, 1975, 1976, 1977, 1978, 1979, 1980, 1981, 1982, 1983, 1985]",0,154,152,2,5,20,5,169,False,,1980,0.012987012987013,0.987012987012987,0.0324675324675325,0.12987012987013,0.0324675324675325,1.0974025974026,12,False
Spider Webb,United States,"[1950, 1952, 1953, 1954]",0,5,4,0,0,0,0,0,False,,1950,0,0.8,0,0,0,0,4,False
Mark Webber,Australia,"[2002, 2003, 2004, 2005, 2006, 2007, 2008, 2009, 2010, 2011, 2012, 2013]",0,217,215,13,9,42,19,1047.5,False,,2010,0.0599078341013825,0.990783410138249,0.0414746543778802,0.193548387096774,0.0875576036866359,4.82718894009217,12,False
Pascal Wehrlein,Germany,"[2016, 2017]",0,40,39,0,0,0,0,6,False,,2020,0,0.975,0,0,0,0.15,2,False
Volker Weidler,West Germany,[1989],0,10,0,0,0,0,0,0,False,,1990,0,0,0,0,0,0,1,False
Wayne Weiler,United States,[1960],0,1,1,0,0,0,0,0,False,,1960,0,1,0,0,0,0,1,False
Karl Wendlinger,Austria,"[1991, 1992, 1993, 1994, 1995]",0,42,41,0,0,0,0,14,False,,1990,0,0.976190476190476,0,0,0,0.333333333333333,5,False
Peter Westbury,United Kingdom,[1970],0,2,1,0,0,0,0,0,False,,1970,0,0.5,0,0,0,0,1,False
Chuck Weyant,United States,"[1955, 1957, 1958, 1959]",0,6,4,0,0,0,0,0,False,,1960,0,0.666666666666667,0,0,0,0,4,False
Ken Wharton,United Kingdom,"[1952, 1953, 1954, 1955]",0,16,15,0,0,0,0,3,False,,1950,0,0.9375,0,0,0,0.1875,4,False
Ted Whiteaway,United Kingdom,[1955],0,1,0,0,0,0,0,0,False,,1960,0,0,0,0,0,0,1,False
Graham Whitehead,United Kingdom,[1952],0,1,1,0,0,0,0,0,False,,1950,0,1,0,0,0,0,1,False
Peter Whitehead,United Kingdom,"[1950, 1951, 1952, 1953, 1954]",0,12,10,0,0,1,0,4,False,,1950,0,0.833333333333333,0,0.0833333333333333,0,0.333333333333333,5,False
Bill Whitehouse,United Kingdom,[1954],0,1,1,0,0,0,0,0,False,,1950,0,1,0,0,0,0,1,False
Robin Widdows,United Kingdom,[1968],0,1,1,0,0,0,0,0,False,,1970,0,1,0,0,0,0,1,False
Eppie Wietzes,Canada,"[1967, 1974]",0,2,2,0,0,0,0,0,False,,1970,0,1,0,0,0,0,2,False
Mike Wilds,United Kingdom,"[1974, 1975, 1976]",0,8,3,0,0,0,0,0,False,,1980,0,0.375,0,0,0,0,3,False
Jonathan Williams,United Kingdom,[1967],0,1,1,0,0,0,0,0,False,,1970,0,1,0,0,0,0,1,False
Roger Williamson,United Kingdom,[1973],0,2,2,0,0,0,0,0,False,,1970,0,1,0,0,0,0,1,False
Dempsey Wilson,United States,"[1958, 1960]",0,5,2,0,0,0,0,0,False,,1960,0,0.4,0,0,0,0,2,False
Desiré Wilson,South Africa,[1980],0,1,0,0,0,0,0,0,False,,1980,0,0,0,0,0,0,1,False
Justin Wilson,United Kingdom,[2003],0,16,16,0,0,0,0,1,False,,2000,0,1,0,0,0,0.0625,1,False
Vic Wilson,United Kingdom,"[1960, 1966]",0,2,1,0,0,0,0,0,False,,1960,0,0.5,0,0,0,0,2,False
Joachim Winkelhock,West Germany,[1989],0,7,0,0,0,0,0,0,False,,1990,0,0,0,0,0,0,1,False
Manfred Winkelhock,West Germany,"[1980, 1982, 1983, 1984, 1985]",0,56,47,0,0,0,0,2,False,,1980,0,0.839285714285714,0,0,0,0.0357142857142857,5,False
Markus Winkelhock,Germany,[2007],0,1,1,0,0,0,0,0,False,,2010,0,1,0,0,0,0,1,False
Reine Wisell,Sweden,"[1970, 1971, 1972, 1973, 1974]",0,23,22,0,0,1,0,13,False,,1970,0,0.956521739130435,0,0.0434782608695652,0,0.565217391304348,5,False
Roelof Wunderink,Netherlands,[1975],0,6,3,0,0,0,0,0,False,,1980,0,0.5,0,0,0,0,1,False
Alexander Wurz,Austria,"[1997, 1998, 1999, 2000, 2005, 2007]",0,69,69,0,0,3,1,45,False,,2000,0,1,0,0.0434782608695652,0.0144927536231884,0.652173913043478,6,False
Sakon Yamamoto,Japan,"[2006, 2007, 2010]",0,21,21,0,0,0,0,0,False,,2010,0,1,0,0,0,0,3,False
Alex Yoong,Malaysia,"[2001, 2002]",0,18,14,0,0,0,0,0,False,,2000,0,0.777777777777778,0,0,0,0,2,False
Alessandro Zanardi,Italy,"[1991, 1992, 1993, 1994, 1999]",0,44,41,0,0,0,0,1,False,,1990,0,0.931818181818182,0,0,0,0.0227272727272727,5,False
Emilio Zapico,Spain,[1976],0,1,0,0,0,0,0,0,False,,1980,0,0,0,0,0,0,1,False
Zhou Guanyu,China,[2022],0,23,23,0,0,0,2,6,True,,2020,0,1,0,0,0.0869565217391304,0.260869565217391,1,False
Ricardo Zonta,Brazil,"[1999, 2000, 2001, 2004, 2005]",0,37,36,0,0,0,0,3,False,,2000,0,0.972972972972973,0,0,0,0.0810810810810811,5,False
Renzo Zorzi,Italy,"[1975, 1976, 1977]",0,7,7,0,0,0,0,1,False,,1980,0,1,0,0,0,0.142857142857143,3,False
Ricardo Zunino,Argentina,"[1979, 1980, 1981]",0,11,10,0,0,0,0,0,False,,1980,0,0.909090909090909,0,0,0,0,3,False
